job_title,company,location,salary,date,url
construction helper,PAMIA CONSTRUCTION LTD.,Surrey (BC),$25.00 hourly,"May 26, 2026",https://www.jobbank.gc.ca/jobsearch/jobposting/49589903
construction helper,APCON CONSTRUCTION GROUP OF COMPANIES LTD.,Surrey (BC),$25.00 hourly,"June 02, 2026",https://www.jobbank.gc.ca/jobsearch/jobposting/49637871
construction helper,SS Sidhu Construction Ltd.,Kamloops (BC),$27.00 hourly,"May 27, 2026",https://www.jobbank.gc.ca/jobsearch/jobposting/49597372
construction labourer,HI-RISE CONSTRUCTION LTD,Langley (BC),$28.85 hourly,"May 25, 2026",https://www.jobbank.gc.ca/jobsearch/jobposting/49582555
construction helper,JAP Construction Ltd,Surrey (BC),$29.00 hourly,"May 27, 2026",https://www.jobbank.gc.ca/jobsearch/jobposting/49593631
construction labourer,ABCE Construction,Richmond (BC),$25.00 to $26.00 hourly (to be negotiated),"June 02, 2026",https://www.jobbank.gc.ca/jobsearch/jobposting/49635858
construction helper,REDFLY CONSTRUCTION LTD.,Surrey (BC),$30.00 to $37.00 hourly (to be negotiated),"May 28, 2026",https://www.jobbank.gc.ca/jobsearch/jobposting/49606845
construction helper,D3M Construction,Surrey (BC),$25.00 hourly,"May 29, 2026",https://www.jobbank.gc.ca/jobsearch/jobposting/49614119
construction helper,HS TATLA CONSTRUCTION LTD.,Kelowna (BC),$27.00 hourly,"May 26, 2026",https://www.jobbank.gc.ca/jobsearch/jobposting/49590994
construction labourer,777 CONSTRUCTION LTD.,Kelowna (BC),$36.60 hourly,"May 28, 2026",https://www.jobbank.gc.ca/jobsearch/jobposting/49608590
construction labourer,777 CONSTRUCTION LTD.,Surrey (BC),$36.60 hourly,"May 28, 2026",https://www.jobbank.gc.ca/jobsearch/jobposting/49608592
construction helper,DIAMONDCUT CUTTING AND CORING LTD.,Surrey (BC),$26.00 hourly,"June 04, 2026",https://www.jobbank.gc.ca/jobsearch/jobposting/49652871?source=searchresults
construction helper,Skystar Drywall Ltd.,Kelowna (BC),$25.00 hourly,"June 04, 2026",https://www.jobbank.gc.ca/jobsearch/jobposting/49652863?source=searchresults
construction helper,INAYAT CONSTRUCTION LTD.,Surrey (BC),$25.00 hourly,"May 22, 2026",https://www.jobbank.gc.ca/jobsearch/jobposting/49566548?source=searchresults
construction trades helper,PSR Construction Ltd.,Abbotsford (BC),$26.00 hourly,"June 03, 2026",https://www.jobbank.gc.ca/jobsearch/jobposting/49645011?source=searchresults
construction worker,Hefty Construction Ltd.,Victoria (BC),$28.00 hourly,"May 27, 2026",https://www.jobbank.gc.ca/jobsearch/jobposting/49597322?source=searchresults
construction helper,skyyj construction ltd,Surrey (BC),$25.15 hourly,"May 20, 2026",https://www.jobbank.gc.ca/jobsearch/jobposting/49552728?source=searchresults
construction helper,Golden Uprising Construction Ltd.,Victoria (BC),$25.00 hourly,"May 21, 2026",https://www.jobbank.gc.ca/jobsearch/jobposting/49559356?source=searchresults
construction labourer,Bole Construction Inc.,Surrey (BC),$25.00 to $28.00 hourly,"June 02, 2026",https://www.jobbank.gc.ca/jobsearch/jobposting/49644728?source=searchresults
construction helper,BC Legacy Consulting Group Inc,Surrey (BC),$25.00 hourly,"June 02, 2026",https://www.jobbank.gc.ca/jobsearch/jobposting/49635151?source=searchresults
construction helper,Elite Paving Ltd.,Delta (BC),$25.00 hourly,"June 04, 2026",https://www.jobbank.gc.ca/jobsearch/jobposting/49651708?source=searchresults
construction helper,J.S CHEEMA FINISHING CARPENTRY LTD,Surrey (BC),$29.00 hourly,"June 04, 2026",https://www.jobbank.gc.ca/jobsearch/jobposting/49650669?source=searchresults
construction labourer,Steel horse reinforcing,Armstrong (BC),$29.00 hourly,"June 02, 2026",https://www.jobbank.gc.ca/jobsearch/jobposting/49636263?source=searchresults
construction labourer,System One Floor Solutions Inc,Langley (BC),$25.00 hourly,"June 04, 2026",https://www.jobbank.gc.ca/jobsearch/jobposting/49652525?source=searchresults
construction helper,KHANOURI HOMES LTD.,Williams Lake (BC),$29.00 hourly,"June 04, 2026",https://www.jobbank.gc.ca/jobsearch/jobposting/49650505?source=searchresults
construction labourer,Weninger Construction & Design Ltd,Kelowna (BC),$20.00 to $29.00 hourly,"May 28, 2026",https://www.jobbank.gc.ca/jobsearch/jobposting/49637085?source=searchresults
construction labourer,DUCTPRO MECHANICAL LTD.,Surrey (BC),$25.10 hourly,"June 07, 2026",https://www.jobbank.gc.ca/jobsearch/jobposting/49668186?source=searchresults
construction helper,Megacity Construction Ltd.,Langford (BC),$25.00 hourly,"May 29, 2026",https://www.jobbank.gc.ca/jobsearch/jobposting/49611628?source=searchresults
construction labourer,A & J Sekhon Construction Ltd,Surrey (BC),$25.00 hourly,"May 19, 2026",https://www.jobbank.gc.ca/jobsearch/jobposting/49545963?source=searchresults
construction labourer,Infracon Construction Inc.,Kamloops (BC),$25.00 hourly,"June 05, 2026",https://www.jobbank.gc.ca/jobsearch/jobposting/49658100?source=searchresults
construction labourer,Rev'd Concrete Pumping Ltd,Revelstoke (BC),$27.00 hourly,"May 29, 2026",https://www.jobbank.gc.ca/jobsearch/jobposting/49613170?source=searchresults
construction helper,Trine Developments Ltd.,Richmond (BC),$25.50 hourly,"May 28, 2026",https://www.jobbank.gc.ca/jobsearch/jobposting/49605506?source=searchresults
construction helper,MK ROOFING LTD.,Surrey (BC),$25.25 hourly,"May 29, 2026",https://www.jobbank.gc.ca/jobsearch/jobposting/49613832?source=searchresults
construction helper,NIRVAIR 123 ENTERPRISE LTD.,Kelowna (BC),$26.25 hourly,"May 27, 2026",https://www.jobbank.gc.ca/jobsearch/jobposting/49598289?source=searchresults
construction labourer,TOPLINE PACIFIC MECHANICAL LTD,Abbotsford (BC),$25.10 hourly,"May 29, 2026",https://www.jobbank.gc.ca/jobsearch/jobposting/49615004?source=searchresults
construction helper,Wescan Homes,Kelowna (BC),$27.00 hourly,"May 26, 2026",https://www.jobbank.gc.ca/jobsearch/jobposting/49591013?source=searchresults
"estimator, construction",Pickard Construction Ltd,Errington (BC),$42.26 hourly,"May 22, 2026",https://www.jobbank.gc.ca/jobsearch/jobposting/49565799?source=searchresults
construction worker,Golden Framing Inc,Surrey (BC),$36.60 hourly,"May 27, 2026",https://www.jobbank.gc.ca/jobsearch/jobposting/49599038?source=searchresults
construction helper,6 AM Construction Ltd,Langford (BC),$25.00 hourly,"May 28, 2026",https://www.jobbank.gc.ca/jobsearch/jobposting/49607164?source=searchresults
construction helper,Golden Glass & Shower Doors Ltd,Surrey (BC),$25.00 hourly,"June 04, 2026",https://www.jobbank.gc.ca/jobsearch/jobposting/49652542?source=searchresults
construction worker,KOTDATTA FRAMING LTD.,Delta (BC),$25.00 hourly,"June 04, 2026",https://www.jobbank.gc.ca/jobsearch/jobposting/49652839?source=searchresults
construction helper,Stelco Building Contractors Ltd,Surrey (BC),$25.00 hourly,"June 01, 2026",https://www.jobbank.gc.ca/jobsearch/jobposting/49628238?source=searchresults
general construction labourer,M. BROTHER CONSTRUCTION,Coldstream (BC),$27.00 hourly,"May 22, 2026",https://www.jobbank.gc.ca/jobsearch/jobposting/49566440?source=searchresults
construction labourer,777 Construction Ltd.,Surrey (BC),$36.60 hourly,"May 15, 2026",https://www.jobbank.gc.ca/jobsearch/jobposting/49523680?source=searchresults
construction labourer,JJM Drywall LTD.,Nanaimo (BC),$25.00 hourly,"May 29, 2026",https://www.jobbank.gc.ca/jobsearch/jobposting/49613814?source=searchresults
construction superintendent,Axiom Builders Inc.,Vancouver (BC),"$155,000.00 annually","May 26, 2026",https://www.jobbank.gc.ca/jobsearch/jobposting/49591170?source=searchresults
construction labourer,MHAWK HOME SOLUTIONS INC.,Abbotsford (BC),$25.00 hourly,"June 01, 2026",https://www.jobbank.gc.ca/jobsearch/jobposting/49627845?source=searchresults
construction helper,Dhillon Brothers Paving Ltd.,Richmond (BC),$36.60 hourly,"May 25, 2026",https://www.jobbank.gc.ca/jobsearch/jobposting/49585403?source=searchresults
construction labourer,Core Drywall Ltd.,Surrey (BC),$25.10 hourly,"May 26, 2026",https://www.jobbank.gc.ca/jobsearch/jobposting/49589868?source=searchresults
construction worker,O Canada Drywall Ltd,Surrey (BC),$36.60 hourly,"June 04, 2026",https://www.jobbank.gc.ca/jobsearch/jobposting/49652541?source=searchresults
construction helper,POINT MARK CONSTRUCTION LTD,Surrey (BC),$25.00 hourly,"May 25, 2026",https://www.jobbank.gc.ca/jobsearch/jobposting/49584562?source=searchresults
construction helper,Brar taping & Drywall Ltd.,Nelson (BC),$27.00 hourly,"June 05, 2026",https://www.jobbank.gc.ca/jobsearch/jobposting/49660660?source=searchresults
construction helper,VIET HOME RENOVATIONS LTD.,Nanaimo (BC),$25.00 to $27.00 hourly (to be negotiated),"May 27, 2026",https://www.jobbank.gc.ca/jobsearch/jobposting/49599829?source=searchresults
construction manager,DIAMONDCUT CUTTING AND CORING LTD.,Surrey (BC),$38.50 hourly,"June 04, 2026",https://www.jobbank.gc.ca/jobsearch/jobposting/49652513?source=searchresults
construction helper,Shine Construction Ltd,Surrey (BC),$25.00 hourly,"May 14, 2026",https://www.jobbank.gc.ca/jobsearch/jobposting/49514911?source=searchresults
"helper, construction",Gorayaview Construction Ltd,Chilliwack (BC),$25.25 hourly,"May 15, 2026",https://www.jobbank.gc.ca/jobsearch/jobposting/49521284?source=searchresults
construction helper,I-M ROOFING LTD.,Surrey (BC),$25.00 hourly,"June 01, 2026",https://www.jobbank.gc.ca/jobsearch/jobposting/49630235?source=searchresults
construction manager,Zenith Commissioning Consulting Ltd,Vancouver (BC),"$125,000.00 annually","May 25, 2026",https://www.jobbank.gc.ca/jobsearch/jobposting/49583104?source=searchresults
construction helper,FIRDAUS ENTERPRISE LTD.,Kelowna (BC),$27.00 hourly,"May 27, 2026",https://www.jobbank.gc.ca/jobsearch/jobposting/49598258?source=searchresults
construction worker,Fraser Valley Demolition,Abbotsford (BC),$25.00 hourly,"June 05, 2026",https://www.jobbank.gc.ca/jobsearch/jobposting/49659540?source=searchresults
construction helper,Nihal Amsan Construction Ltd,Kamloops (BC),$36.60 hourly,"May 15, 2026",https://www.jobbank.gc.ca/jobsearch/jobposting/49521786?source=searchresults
construction helper,Quick Work Construction Ltd,Surrey (BC),$25.00 hourly,"May 16, 2026",https://www.jobbank.gc.ca/jobsearch/jobposting/49528844?source=searchresults
construction helper,S & D Concrete and Pumping Ltd.,Aldergrove (BC),$36.60 hourly,"May 20, 2026",https://www.jobbank.gc.ca/jobsearch/jobposting/49552344?source=searchresults
construction trades helper,Elite Formwork Inc.,Kelowna (BC),$27.00 hourly,"June 05, 2026",https://www.jobbank.gc.ca/jobsearch/jobposting/49660673?source=searchresults
construction manager,MKB Ventures Ltd.,Surrey (BC),$52.00 hourly,"June 04, 2026",https://www.jobbank.gc.ca/jobsearch/jobposting/49655722?source=searchresults
construction labourer and helper,Polycrete Restorations Ltd.,Coquitlam (BC),$25.00 to $32.00 hourly (to be negotiated),"June 03, 2026",https://www.jobbank.gc.ca/jobsearch/jobposting/49644602?source=searchresults
construction helper,JT Drywall Ltd.,Surrey (BC),$28.00 hourly,"May 29, 2026",https://www.jobbank.gc.ca/jobsearch/jobposting/49613138?source=searchresults
construction labourer,Rapid Pro Mechanical Ltd.,Abbotsford (BC),$25.10 hourly,"May 22, 2026",https://www.jobbank.gc.ca/jobsearch/jobposting/49563610?source=searchresults
construction labourer,ACS CONTRACTING LTD,Coquitlam (BC),$20.00 to $24.00 hourly (to be negotiated),"May 25, 2026",https://www.jobbank.gc.ca/jobsearch/jobposting/49581121?source=searchresults
construction estimator,Pacific Art Stone,Surrey (BC),$40.50 hourly,"June 04, 2026",https://www.jobbank.gc.ca/jobsearch/jobposting/49655773?source=searchresults
construction labourer,GRD CONSTRUCTION LTD,Surrey (BC),$18.25 hourly,"May 11, 2026",https://www.jobbank.gc.ca/jobsearch/jobposting/49494542?source=searchresults
housing construction manager,Cowichan Tribes,Duncan (BC),$52.73 to $56.48 hourly (to be negotiated),"May 28, 2026",https://www.jobbank.gc.ca/jobsearch/jobposting/49605847?source=searchresults
construction labourer,Solid Ground Earthworks Ltd.,Burnaby (BC),$27.00 hourly,"May 20, 2026",https://www.jobbank.gc.ca/jobsearch/jobposting/49550343?source=searchresults
construction helper,B4U Construction Ltd.,Surrey (BC),$36.60 hourly,"May 06, 2026",https://www.jobbank.gc.ca/jobsearch/jobposting/49466438?source=searchresults
construction labourer and helper,WEST DEMOLITION SERVICES LTD.,Surrey (BC),$25.00 hourly,"June 01, 2026",https://www.jobbank.gc.ca/jobsearch/jobposting/49629325?source=searchresults
"site superintendent, construction",Miclex Construction Inc.,Cranbrook (BC),"$50,000.00 to $90,000.00 annually (to be negotiated)","May 25, 2026",https://www.jobbank.gc.ca/jobsearch/jobposting/49580091?source=searchresults
"site superintendent, construction",Miclex Construction Inc.,Chilliwack (BC),"$50,000.00 to $90,000.00 annually (to be negotiated)","May 25, 2026",https://www.jobbank.gc.ca/jobsearch/jobposting/49580060?source=searchresults
construction electrician helper,Smartwork Electrical Ltd.,Surrey (BC),$25.50 hourly,"June 05, 2026",https://www.jobbank.gc.ca/jobsearch/jobposting/49659526?source=searchresults
construction helper,City Line Investments Ltd,Surrey (BC),$25.00 hourly,"May 20, 2026",https://www.jobbank.gc.ca/jobsearch/jobposting/49550434?source=searchresults
construction labourer,Boardworks Contracting Ltd,Vancouver (BC),$20.00 to $30.00 hourly,"May 29, 2026",https://www.jobbank.gc.ca/jobsearch/jobposting/49609132?source=searchresults
construction site manager,Greycor Projects Limited,Surrey (BC),$65.00 hourly,"June 01, 2026",https://www.jobbank.gc.ca/jobsearch/jobposting/49627216?source=searchresults
construction project coordinator,Raincity Management Corp.,Langley (BC),$52.00 hourly,"June 03, 2026",https://www.jobbank.gc.ca/jobsearch/jobposting/49646585?source=searchresults
construction labourer,777 Construction Ltd.,Kelowna (BC),$36.60 hourly,"May 05, 2026",https://www.jobbank.gc.ca/jobsearch/jobposting/49461513?source=searchresults
"site manager, construction",MNG Builders Inc.,West Vancouver (BC),$51.95 hourly,"June 05, 2026",https://www.jobbank.gc.ca/jobsearch/jobposting/49661698?source=searchresults
construction manager,VIP Window Installations LTD,Langley (BC),$52.00 hourly,"May 21, 2026",https://www.jobbank.gc.ca/jobsearch/jobposting/49555915?source=searchresults
construction estimator,Pickard Construction Ltd,Errington (BC),$42.26 hourly,"May 22, 2026",https://www.jobbank.gc.ca/jobsearch/jobposting/49566490?source=searchresults
construction helper,Rolaas Drywall Construction Ltd,Surrey (BC),$25.00 hourly,"February 27, 2026",https://www.jobbank.gc.ca/jobsearch/jobposting/49520787?source=searchresults
construction helper,GS 10 Construction,Vernon (BC),$27.00 hourly,"May 08, 2026",https://www.jobbank.gc.ca/jobsearch/jobposting/49493596?source=searchresults
construction helper,All Canada Contracting & Renovation Ltd.,Sechelt (BC),$25.00 hourly,"May 21, 2026",https://www.jobbank.gc.ca/jobsearch/jobposting/49559980?source=searchresults
construction helper,Tradewell Construction ltd.,Surrey (BC),$25.50 hourly,"March 25, 2026",https://www.jobbank.gc.ca/jobsearch/jobposting/49174532?source=searchresults
construction helper,Fransor Insulation Ltd.,Surrey (BC),$27.00 hourly,"May 22, 2026",https://www.jobbank.gc.ca/jobsearch/jobposting/49566502?source=searchresults
construction helper,Khela Excavating Ltd.,New Westminster (BC),$26.60 hourly,"May 17, 2026",https://www.jobbank.gc.ca/jobsearch/jobposting/49533207?source=searchresults
construction helper,Tristeel Construction Ltd,Surrey (BC),$25.00 hourly,"April 21, 2026",https://www.jobbank.gc.ca/jobsearch/jobposting/49375539?source=searchresults
construction labourer,Tarcott Construction Ltd,Langley (BC),$25.00 hourly,"March 25, 2026",https://www.jobbank.gc.ca/jobsearch/jobposting/49173929?source=searchresults
construction helper,IBS Construction Ltd,Surrey (BC),$37.00 hourly,"March 19, 2026",https://www.jobbank.gc.ca/jobsearch/jobposting/49139222?source=searchresults
construction labourer and helper,Trasolini Pools,Vancouver (BC),$20.00 to $30.00 hourly (to be negotiated),"June 02, 2026",https://www.jobbank.gc.ca/jobsearch/jobposting/49636986?source=searchresults
general construction labourer,Saihaj Framing Ltd,Delta (BC),$28.00 hourly,"May 27, 2026",https://www.jobbank.gc.ca/jobsearch/jobposting/49596662?source=searchresults
construction helper,AZZAD ELECTRICAL CORP.,Delta (BC),$25.50 hourly,"May 20, 2026",https://www.jobbank.gc.ca/jobsearch/jobposting/49550487?source=searchresults
painter helper - construction,Innovative Enterprise,Surrey (BC),$25.00 hourly,"June 01, 2026",https://www.jobbank.gc.ca/jobsearch/jobposting/49628226?source=searchresults
construction helper,KSS Drywall and Construction Ltd.,Surrey (BC),$36.60 hourly,"March 19, 2026",https://www.jobbank.gc.ca/jobsearch/jobposting/49138742?source=searchresults
construction helper,Rehat Roofing & Construction Ltd.,Surrey (BC),$25.00 hourly,"April 15, 2026",https://www.jobbank.gc.ca/jobsearch/jobposting/49343286?source=searchresults
construction manager,Y&Y Construction Ltd,Richmond (BC),$52.00 hourly,"April 27, 2026",https://www.jobbank.gc.ca/jobsearch/jobposting/49406098?source=searchresults
construction helper,A-Z ELECTRICAL SERVICES LTD,Delta (BC),$25.00 hourly,"May 20, 2026",https://www.jobbank.gc.ca/jobsearch/jobposting/49553011?source=searchresults
construction helper,Touchstar Construction Ltd.,Surrey (BC),$24.00 hourly,"March 18, 2026",https://www.jobbank.gc.ca/jobsearch/jobposting/49134762?source=searchresults
"project manager, construction",Gavan Construction Company Ltd,Whistler (BC),$50.00 to $60.00 hourly (to be negotiated),"May 25, 2026",https://www.jobbank.gc.ca/jobsearch/jobposting/49583212?source=searchresults
construction worker,FRONTLINE REBAR LANDSCAPING LTD.,Surrey (BC),$36.60 hourly,"May 19, 2026",https://www.jobbank.gc.ca/jobsearch/jobposting/49539317?source=searchresults
joiner helper - construction,New Tech Fire & Mechanical Ltd.,Surrey (BC),$27.00 hourly,"May 25, 2026",https://www.jobbank.gc.ca/jobsearch/jobposting/49583216?source=searchresults
construction helper,Golden falcon constructions ltd.,Surrey (BC),$36.60 hourly,"April 01, 2026",https://www.jobbank.gc.ca/jobsearch/jobposting/49205785?source=searchresults
"estimator, construction",Harvard Roofing &Sheet Metal,Langley (BC),"$50,000.00 to $110,000.00 annually (to be negotiated)","May 25, 2026",https://www.jobbank.gc.ca/jobsearch/jobposting/49583028?source=searchresults
construction helper,SS Sidhu Construction Ltd.,Kelowna (BC),$27.00 hourly,"April 17, 2026",https://www.jobbank.gc.ca/jobsearch/jobposting/49355030?source=searchresults
construction labourer,BRIGHTER STAFFING AGENCY,Chilliwack (BC),$20.00 to $25.00 hourly,"May 26, 2026",https://www.jobbank.gc.ca/jobsearch/jobposting/49632300?source=searchresults
framer helper - construction,Golden Gate Construction Ltd,Delta (BC),$31.00 hourly,"June 02, 2026",https://www.jobbank.gc.ca/jobsearch/jobposting/49638218?source=searchresults
Construction site supervisor,TRIPLE STAR CONSTRUCTION LTD,Abbotsford (BC),$38.00 hourly,"June 02, 2026",https://www.jobbank.gc.ca/jobsearch/jobposting/49635876?source=searchresults
construction helper,GREAT MANN CONSTRUCTION LTD,Delta (BC),$25.00 hourly,"May 06, 2026",https://www.jobbank.gc.ca/jobsearch/jobposting/49469068?source=searchresults
construction operations manager,Creative Roots Landscaping Ltd,Kelowna (BC),$53.85 hourly,"May 26, 2026",https://www.jobbank.gc.ca/jobsearch/jobposting/49590995?source=searchresults
construction helper,Doabia Powerline Construction Ltd,Surrey (BC),$25.00 hourly,"April 20, 2026",https://www.jobbank.gc.ca/jobsearch/jobposting/49504236?source=searchresults
construction helper,WEST SHORE EXTERIOR LTD.,Langford (BC),$25.00 hourly,"June 04, 2026",https://www.jobbank.gc.ca/jobsearch/jobposting/49652522?source=searchresults
construction helper,ARONA FRAMING & CONSTRUCTION INC,Surrey (BC),$25.25 hourly,"February 18, 2026",https://www.jobbank.gc.ca/jobsearch/jobposting/48968294?source=searchresults
construction project manager,Crescent Beach Marina Co. (1967) Ltd.,Surrey (BC),"$130,000.00 to $140,000.00 annually (to be negotiated)","May 27, 2026",https://www.jobbank.gc.ca/jobsearch/jobposting/49599444?source=searchresults
"project engineer, construction",City of Maple Ridge,Maple Ridge (BC),"$126,584.64 annually","May 29, 2026",https://www.jobbank.gc.ca/jobsearch/jobposting/49613855?source=searchresults
construction worker,DAYU CONSTRUCTION LTD,Prince Rupert (BC),$36.80 hourly,"February 13, 2026",https://www.jobbank.gc.ca/jobsearch/jobposting/48936877?source=searchresults
construction helper,OW Construction Ltd.,Tsawwassen (BC),$25.00 hourly,"March 03, 2026",https://www.jobbank.gc.ca/jobsearch/jobposting/49036451?source=searchresults
construction helper,P&K Construction Services Ltd,Abbotsford (BC),$25.00 hourly,"April 23, 2026",https://www.jobbank.gc.ca/jobsearch/jobposting/49389745?source=searchresults
construction helper,TPD CONSTRUCTION WORKS LTD.,Abbotsford (BC),$25.00 hourly,"April 02, 2026",https://www.jobbank.gc.ca/jobsearch/jobposting/49213195?source=searchresults
construction helper,Modern Class Construction Ltd.,Surrey (BC),$25.00 hourly,"April 02, 2026",https://www.jobbank.gc.ca/jobsearch/jobposting/49211743?source=searchresults
construction helper,MASTER DRYWALL LTD.,Surrey (BC),$25.00 hourly,"May 19, 2026",https://www.jobbank.gc.ca/jobsearch/jobposting/49544006?source=searchresults
construction electrician helper,fourteen electrical ltd,Surrey (BC),$36.60 hourly,"May 19, 2026",https://www.jobbank.gc.ca/jobsearch/jobposting/49546606?source=searchresults
construction labourer,YellowLine Construction Ltd.,Surrey (BC),$25.00 hourly,"March 02, 2026",https://www.jobbank.gc.ca/jobsearch/jobposting/49029884?source=searchresults
construction worker,We Care Restoration Ltd.,Fort St. John (BC),"$57,500.00 annually","June 04, 2026",https://www.jobbank.gc.ca/jobsearch/jobposting/49651760?source=searchresults
"project manager, construction",OLYMPIC CONTROLS,North Vancouver (BC),"$80,000.00 to $120,000.00 annually (to be negotiated)","May 27, 2026",https://www.jobbank.gc.ca/jobsearch/jobposting/49596855?source=searchresults
trades helper - construction,Macropus Homes,Victoria (BC),$25.00 hourly,"May 20, 2026",https://www.jobbank.gc.ca/jobsearch/jobposting/49550431?source=searchresults
construction engineer,Sapsol Technologies Inc,Vancouver (BC),$45.00 to $50.00 annually,"May 23, 2026",https://www.jobbank.gc.ca/jobsearch/jobposting/49658178?source=searchresults
Construction site supervisor,GRD CONSTRUCTION LTD,Surrey (BC),$30.00 to $33.00 hourly (to be negotiated),"May 11, 2026",https://www.jobbank.gc.ca/jobsearch/jobposting/49494552?source=searchresults
construction manager,GRD CONSTRUCTION LTD,Surrey (BC),$32.00 to $35.00 hourly (to be negotiated),"May 11, 2026",https://www.jobbank.gc.ca/jobsearch/jobposting/49494551?source=searchresults
"helper, construction",MLP PAINTING & CONSTRUCTION LTD.,Surrey (BC),$26.00 hourly,"May 15, 2026",https://www.jobbank.gc.ca/jobsearch/jobposting/49522827?source=searchresults
painter helper - construction,EXCLUSIVE PAINTING LTD,Surrey (BC),$25.00 hourly,"May 21, 2026",https://www.jobbank.gc.ca/jobsearch/jobposting/49557724?source=searchresults
construction helper,Newton rebar service Ltd,Surrey (BC),$36.60 hourly,"May 13, 2026",https://www.jobbank.gc.ca/jobsearch/jobposting/49506449?source=searchresults
construction worker,Kinex Developments Ltd,Port Coquitlam (BC),$19.00 to $25.00 hourly (to be negotiated),"May 21, 2026",https://www.jobbank.gc.ca/jobsearch/jobposting/49556714?source=searchresults
construction project coordinator,Technical Access Group Inc.,North Vancouver (BC),$52.56 hourly,"May 19, 2026",https://www.jobbank.gc.ca/jobsearch/jobposting/49544074?source=searchresults
construction manager,JOEY Restaurants,Vancouver (BC),"$85,000.00 to $115,000.00 annually","May 26, 2026",https://www.jobbank.gc.ca/jobsearch/jobposting/49648629?source=searchresults
construction helper,APCON CONSTRUCTION GROUP OF COMPANIES LTD.,Surrey (BC),$25.00 hourly,"February 11, 2026",https://www.jobbank.gc.ca/jobsearch/jobposting/48927748?source=searchresults
"estimator, construction",Okanagan Home Builder,Kelowna (BC),"$90,000.00 annually","June 02, 2026",https://www.jobbank.gc.ca/jobsearch/jobposting/49638038?source=searchresults
construction electrician helper,GK Group Construction Ltd.,Surrey (BC),$25.50 hourly,"April 14, 2026",https://www.jobbank.gc.ca/jobsearch/jobposting/49335704?source=searchresults
construction manager,QKD Construction Ltd.,Vancouver (BC),$51.92 to $53.00 hourly (to be negotiated),"March 03, 2026",https://www.jobbank.gc.ca/jobsearch/jobposting/49035483?source=searchresults
construction project manager,City of Maple Ridge,Maple Ridge (BC),"$107,445.24 annually","June 01, 2026",https://www.jobbank.gc.ca/jobsearch/jobposting/49627331?source=searchresults
senior estimator - construction,Kinetic Management Ltd.,Richmond (BC),"$115,536.51 to $173,304.77 annually (to be negotiated)","May 25, 2026",https://www.jobbank.gc.ca/jobsearch/jobposting/49584554?source=searchresults
construction helper,Omni Gas Ltd.,Surrey (BC),$25.50 hourly,"May 13, 2026",https://www.jobbank.gc.ca/jobsearch/jobposting/49507406?source=searchresults
construction electrician helper,Khalsa Electric Ltd.,Surrey (BC),$26.50 hourly,"June 03, 2026",https://www.jobbank.gc.ca/jobsearch/jobposting/49645346?source=searchresults
construction helper,Superfine Carpentry Ltd.,Surrey (BC),$25.00 hourly,"May 15, 2026",https://www.jobbank.gc.ca/jobsearch/jobposting/49522404?source=searchresults
construction helper,High Definition Roofing Ltd.,Duncan (BC),$25.00 hourly,"May 19, 2026",https://www.jobbank.gc.ca/jobsearch/jobposting/49545612?source=searchresults
construction helper,RAI STAR CONSTRUCTION LTD.,Delta (BC),$25.00 hourly,"March 16, 2026",https://www.jobbank.gc.ca/jobsearch/jobposting/49117254?source=searchresults
"labourer, construction",Silex Restorations Ltd.,Burnaby (BC),$20.00 to $22.00 hourly (to be negotiated),"May 26, 2026",https://www.jobbank.gc.ca/jobsearch/jobposting/49589506?source=searchresults
construction trades helper,CNT construction. LTD,Langley (BC),$25.00 hourly,"April 13, 2026",https://www.jobbank.gc.ca/jobsearch/jobposting/49300481?source=searchresults
construction helper,CANWIDE STEEL LTD.,Surrey (BC),$25.50 hourly,"May 11, 2026",https://www.jobbank.gc.ca/jobsearch/jobposting/49493935?source=searchresults
construction safety officer,Canyon Industrial Electrical Services Ltd,Revelstoke (BC),$36.00 to $55.00 hourly (to be negotiated),"June 03, 2026",https://www.jobbank.gc.ca/jobsearch/jobposting/49646040?source=searchresults
construction manager,Shine Contracting & Construction Management Inc.,Surrey (BC),$45.00 hourly,"March 23, 2026",https://www.jobbank.gc.ca/jobsearch/jobposting/49161369?source=searchresults
construction helper,MVC Construction Ltd,Surrey (BC),$25.10 hourly,"March 26, 2026",https://www.jobbank.gc.ca/jobsearch/jobposting/49180697?source=searchresults
construction labourer,made 4 u construction ltd,Parksville (BC),$25.50 hourly,"April 24, 2026",https://www.jobbank.gc.ca/jobsearch/jobposting/49395572?source=searchresults
construction helper,Clear Vision Maintenance LTD,Winfield (BC),$27.00 hourly,"May 15, 2026",https://www.jobbank.gc.ca/jobsearch/jobposting/49521291?source=searchresults
"project manager, construction",School District No. 62 (Sooke),Victoria (BC),"$97,799.00 annually","June 02, 2026",https://www.jobbank.gc.ca/jobsearch/jobposting/49636282?source=searchresults
construction labourer and helper,SEA TO SKY PRECISION CONSTRUCTION LTD,Kamloops (BC),$27.00 hourly,"May 14, 2026",https://www.jobbank.gc.ca/jobsearch/jobposting/49515349?source=searchresults
construction helper,AP Murphy Construction,Victoria (BC),$25.00 hourly,"March 20, 2026",https://www.jobbank.gc.ca/jobsearch/jobposting/49147253?source=searchresults
general construction labourer,Franklin Industrial Services,Vancouver (BC),$30.00 to $45.00 hourly (to be negotiated),"June 04, 2026",https://www.jobbank.gc.ca/jobsearch/jobposting/49654608?source=searchresults
duct installer - construction,RINGAWAY PLUMBING HEATING & COOLING LTD.,Abbotsford (BC),$36.60 hourly,"June 04, 2026",https://www.jobbank.gc.ca/jobsearch/jobposting/49650504?source=searchresults
construction manager,Unibuild Construction Management Ltd,Surrey (BC),$51.92 hourly,"March 30, 2026",https://www.jobbank.gc.ca/jobsearch/jobposting/49196325?source=searchresults
construction carpenter,Redpoint Construction Ltd,Salmon Arm (BC),$23.00 to $30.00 hourly (to be negotiated),"May 19, 2026",https://www.jobbank.gc.ca/jobsearch/jobposting/49545994?source=searchresults
construction labourer,River Valley Construction Services Ltd.,Kelowna (BC),$29.00 hourly,"March 31, 2026",https://www.jobbank.gc.ca/jobsearch/jobposting/49200380?source=searchresults
construction helper,CGC DRYWALL LTD,Surrey (BC),$25.00 hourly,"February 26, 2026",https://www.jobbank.gc.ca/jobsearch/jobposting/49011818?source=searchresults
painter helper - construction,LINEAR PAINTING LTD.,Abbotsford (BC),$28.00 hourly,"June 04, 2026",https://www.jobbank.gc.ca/jobsearch/jobposting/49652447?source=searchresults
construction helper,Muskaan Constructions Ltd,Surrey (BC),$25.00 hourly,"March 19, 2026",https://www.jobbank.gc.ca/jobsearch/jobposting/49139788?source=searchresults
construction helper,prokaso construction ltd,Surrey (BC),$25.00 hourly,"March 19, 2026",https://www.jobbank.gc.ca/jobsearch/jobposting/49139303?source=searchresults
construction helper,Sarbjeet Framing Ltd.,Abbotsford (BC),$26.00 hourly,"April 01, 2026",https://www.jobbank.gc.ca/jobsearch/jobposting/49205078?source=searchresults
construction helper,Save On Top Drywall Ltd.,Surrey (BC),$25.10 hourly,"May 11, 2026",https://www.jobbank.gc.ca/jobsearch/jobposting/49493937?source=searchresults
construction helper,A R Framing Ltd.,Surrey (BC),$28.85 hourly,"April 28, 2026",https://www.jobbank.gc.ca/jobsearch/jobposting/49414502?source=searchresults
"project co-ordinator, construction",City of Kelowna,Kelowna (BC),$49.66 hourly,"June 04, 2026",https://www.jobbank.gc.ca/jobsearch/jobposting/49652998?source=searchresults
construction labourer,Rons Backhoe Ltd.,Vancouver (BC),$36.70 hourly,"May 04, 2026",https://www.jobbank.gc.ca/jobsearch/jobposting/49586860?source=searchresults
construction helper,Dave Mann Construction Ltd,Delta (BC),$25.00 hourly,"March 19, 2026",https://www.jobbank.gc.ca/jobsearch/jobposting/49139638?source=searchresults
construction helper,DAMON-J CONSTRUCTION LTD,Surrey (BC),$25.10 hourly,"March 06, 2026",https://www.jobbank.gc.ca/jobsearch/jobposting/49058486?source=searchresults
construction helper,TAA Insulation Ltd,Vancouver (BC),$37.00 hourly,"April 08, 2026",https://www.jobbank.gc.ca/jobsearch/jobposting/49241323?source=searchresults
construction labourer and helper,Sukhjiwan Construction Ltd.,Surrey (BC),$25.00 to $28.00 hourly (to be negotiated),"March 17, 2026",https://www.jobbank.gc.ca/jobsearch/jobposting/49124787?source=searchresults
construction helper,Nagra Frontline Rebar & Damp Proofing,Surrey (BC),$36.60 hourly,"April 23, 2026",https://www.jobbank.gc.ca/jobsearch/jobposting/49388162?source=searchresults
construction estimator,WallPro Systems Ltd.,Surrey (BC),$40.40 hourly,"May 15, 2026",https://www.jobbank.gc.ca/jobsearch/jobposting/49521300?source=searchresults
construction labourer,AAA Decking and Gutter Ltd.,Surrey (BC),$25.10 hourly,"May 11, 2026",https://www.jobbank.gc.ca/jobsearch/jobposting/49494550?source=searchresults
construction helper,Toor Framing ltd.,Surrey (BC),$24.00 hourly,"April 07, 2026",https://www.jobbank.gc.ca/jobsearch/jobposting/49233883?source=searchresults
construction helper,AKS Investment Ltd.,Surrey (BC),$36.60 hourly,"March 25, 2026",https://www.jobbank.gc.ca/jobsearch/jobposting/49175058?source=searchresults
construction site superintendent,Heatherbrae Builders Co. Ltd,Vancouver (BC),"$140,000.00 annually","May 22, 2026",https://www.jobbank.gc.ca/jobsearch/jobposting/49566868?source=searchresults
construction helper,Platinum Drywall Ltd.,Delta (BC),$25.10 hourly,"May 12, 2026",https://www.jobbank.gc.ca/jobsearch/jobposting/49499174?source=searchresults
construction worker,Echelon Exteriors,Campbell River (BC),$25.00 hourly,"May 08, 2026",https://www.jobbank.gc.ca/jobsearch/jobposting/49493009?source=searchresults
framer helper - construction,BR WALLS & CEILINGS LTD.,Surrey (BC),$25.25 hourly,"May 20, 2026",https://www.jobbank.gc.ca/jobsearch/jobposting/49553159?source=searchresults
construction helper,Dream Quality Renovation Limited,Abbotsford (BC),$27.00 hourly,"April 30, 2026",https://www.jobbank.gc.ca/jobsearch/jobposting/49426968?source=searchresults
"project manager, construction",Pacific Blue Construction Inc.,Maple Ridge (BC),$53.34 hourly,"April 21, 2026",https://www.jobbank.gc.ca/jobsearch/jobposting/49376575?source=searchresults
construction helper,Total Site Services Ltd.,Burnaby (BC),$24.75 hourly,"May 07, 2026",https://www.jobbank.gc.ca/jobsearch/jobposting/49476630?source=searchresults
construction labourer,D&S Bulldozing Ltd.,Port Coquitlam (BC),$25.00 hourly,"February 18, 2026",https://www.jobbank.gc.ca/jobsearch/jobposting/48966398?source=searchresults
senior estimator - construction,Maple Reinders,Kelowna (BC),"$105,000.00 to $150,000.00 annually","May 23, 2026",https://www.jobbank.gc.ca/jobsearch/jobposting/49647971?source=searchresults
senior estimator - construction,Maple Reinders,Burnaby (BC),"$105,000.00 to $150,000.00 annually","May 23, 2026",https://www.jobbank.gc.ca/jobsearch/jobposting/49648354?source=searchresults
construction carpenter,Trasolini Pools,Vancouver (BC),$25.00 to $35.00 hourly (to be negotiated),"June 03, 2026",https://www.jobbank.gc.ca/jobsearch/jobposting/49641492?source=searchresults
construction helper,Garcha Properties Ltd,Surrey (BC),$25.10 hourly,"May 02, 2026",https://www.jobbank.gc.ca/jobsearch/jobposting/49437455?source=searchresults
construction helper,Top Side Drywall (2018) Ltd.,Abbotsford (BC),$25.50 hourly,"May 01, 2026",https://www.jobbank.gc.ca/jobsearch/jobposting/49434069?source=searchresults
construction labourer,Siteline Earthworks Ltd,Chilliwack (BC),$22.00 to $30.00 hourly,"June 07, 2026",https://www.jobbank.gc.ca/jobsearch/jobposting/49665654?source=searchresults
construction labourer,J Star Siding & Soffits Ltd,Surrey (BC),$25.10 hourly,"May 09, 2026",https://www.jobbank.gc.ca/jobsearch/jobposting/49494012?source=searchresults
construction labourer,B & B General Management,Surrey (BC),$37.00 hourly,"March 24, 2026",https://www.jobbank.gc.ca/jobsearch/jobposting/49167864?source=searchresults
"project co-ordinator, construction",City of Coquitlam,Coquitlam (BC),$47.67 hourly,"May 22, 2026",https://www.jobbank.gc.ca/jobsearch/jobposting/49563651?source=searchresults
construction helper,MERIDIAN MARINE INDUSTRIES INC,Delta (BC),$38.00 hourly,"March 01, 2026",https://www.jobbank.gc.ca/jobsearch/jobposting/49024092?source=searchresults
construction labourer and helper,Feedback Construction Ltd,New Westminster (BC),$25.00 hourly,"March 25, 2026",https://www.jobbank.gc.ca/jobsearch/jobposting/49423721?source=searchresults
construction project coordinator,Tri-Kon Precast Products Ltd.,Cranbrook (BC),"$54,077.81 to $139,196.52 annually","June 01, 2026",https://www.jobbank.gc.ca/jobsearch/jobposting/49626856?source=searchresults
construction labourer,Ralmax Group of Companies,Victoria (BC),$25.50 hourly,"April 30, 2026",https://www.jobbank.gc.ca/jobsearch/jobposting/49430802?source=searchresults
construction helper,OMAX DRYWALL CO,Surrey (BC),$36.60 hourly,"May 08, 2026",https://www.jobbank.gc.ca/jobsearch/jobposting/49493722?source=searchresults
construction labourer,Maccane Development Inc,Kelowna (BC),$27.50 hourly,"May 12, 2026",https://www.jobbank.gc.ca/jobsearch/jobposting/49499732?source=searchresults
construction engineer,KWH Constructors Ltd,Burnaby (BC),"$120,000.00 to $150,000.00 annually (to be negotiated)","February 09, 2026",https://www.jobbank.gc.ca/jobsearch/jobposting/48916579?source=searchresults
construction worker,Shoreline Excavations Ltd.,Surrey (BC),$36.60 hourly,"February 25, 2026",https://www.jobbank.gc.ca/jobsearch/jobposting/49004823?source=searchresults
construction helper,Nasib's Ashphalt Industrys Ltd,Vancouver (BC),$25.00 hourly,"February 20, 2026",https://www.jobbank.gc.ca/jobsearch/jobposting/48981111?source=searchresults
construction helper,Star Eagle Drywall Ltd.,Surrey (BC),$24.50 hourly,"February 11, 2026",https://www.jobbank.gc.ca/jobsearch/jobposting/48927785?source=searchresults
construction safety officer,Westmark Construction Ltd.,Nanaimo (BC),$30.00 to $36.00 hourly,"May 13, 2026",https://www.jobbank.gc.ca/jobsearch/jobposting/49507549?source=searchresults
construction helper,New World Framing ltd,Delta (BC),$25.00 hourly,"March 16, 2026",https://www.jobbank.gc.ca/jobsearch/jobposting/49119789?source=searchresults
construction helper,Newton Dock & Doors Ltd,Surrey (BC),$25.00 hourly,"March 16, 2026",https://www.jobbank.gc.ca/jobsearch/jobposting/49120025?source=searchresults
construction manager,Vanta Pacific Development Corp,Sechelt (BC),$51.92 hourly,"March 02, 2026",https://www.jobbank.gc.ca/jobsearch/jobposting/49026665?source=searchresults
construction helper,MARKS ROOFING LTD,Surrey (BC),$25.00 hourly,"April 27, 2026",https://www.jobbank.gc.ca/jobsearch/jobposting/49407660?source=searchresults
construction helper,Hayer Demolition Ltd,Richmond (BC),$29.00 hourly,"March 18, 2026",https://www.jobbank.gc.ca/jobsearch/jobposting/49132660?source=searchresults
construction worker,GURJAS ENTERPRISES,Victoria (BC),$24.50 hourly,"February 08, 2026",https://www.jobbank.gc.ca/jobsearch/jobposting/48908340?source=searchresults
framer helper - construction,MILITARY HOMES CONSTRUCTION LTD,Delta (BC),$25.50 hourly,"May 07, 2026",https://www.jobbank.gc.ca/jobsearch/jobposting/49479327?source=searchresults
construction helper,WHITE STAR CONSTRUCTION LTD.,Abbotsford (BC),$25.00 hourly,"April 21, 2026",https://www.jobbank.gc.ca/jobsearch/jobposting/49376008?source=searchresults
construction helper,POPULAR STUCCO WIRING LIMITED,Surrey (BC),$25.10 hourly,"April 22, 2026",https://www.jobbank.gc.ca/jobsearch/jobposting/49380411?source=searchresults
construction manager,Leading Edge Drywall Ltd,Surrey (BC),$41.50 hourly,"March 02, 2026",https://www.jobbank.gc.ca/jobsearch/jobposting/49030123?source=searchresults
construction labourer,Actfast Restoration & Repairs LTD.,Surrey (BC),$25.00 hourly,"April 02, 2026",https://www.jobbank.gc.ca/jobsearch/jobposting/49211060?source=searchresults
construction worker,Westlight homes & development Ltd,Vanderhoof (BC),$25.00 hourly,"May 11, 2026",https://www.jobbank.gc.ca/jobsearch/jobposting/49494275?source=searchresults
construction worker,Westlight homes & development Ltd,Sicamous (BC),$27.00 hourly,"May 11, 2026",https://www.jobbank.gc.ca/jobsearch/jobposting/49494281?source=searchresults
construction helper,Super Elite Drywall Ltd,Langford (BC),$25.00 hourly,"May 06, 2026",https://www.jobbank.gc.ca/jobsearch/jobposting/49467555?source=searchresults
construction helper,Nesbou Development Ltd,Vancouver (BC),$25.00 hourly,"May 04, 2026",https://www.jobbank.gc.ca/jobsearch/jobposting/49450694?source=searchresults
construction helper,Glass House Environmental,Vancouver (BC),$25.00 hourly,"May 08, 2026",https://www.jobbank.gc.ca/jobsearch/jobposting/49479961?source=searchresults
framer helper - construction,STEALTH FRAMING LTD.,Langley (BC),$25.50 hourly,"May 12, 2026",https://www.jobbank.gc.ca/jobsearch/jobposting/49498054?source=searchresults
construction helper,Imperial Cabinets Ltd.,Surrey (BC),$25.00 hourly,"February 26, 2026",https://www.jobbank.gc.ca/jobsearch/jobposting/49012415?source=searchresults
construction helper,Crystal Kitchens Ltd.,Surrey (BC),$36.60 hourly,"February 19, 2026",https://www.jobbank.gc.ca/jobsearch/jobposting/48974851?source=searchresults
general construction labourer,BCF Constructors Ltd.,Pender Island (BC),$25.50 hourly,"May 19, 2026",https://www.jobbank.gc.ca/jobsearch/jobposting/49539320?source=searchresults
construction helper,Essence Properties (1) Inc.,Surrey (BC),$36.80 hourly,"May 06, 2026",https://www.jobbank.gc.ca/jobsearch/jobposting/49468417?source=searchresults
construction manager,Newton rebar service Ltd,Surrey (BC),$51.95 hourly,"May 14, 2026",https://www.jobbank.gc.ca/jobsearch/jobposting/49513804?source=searchresults
construction labourer,Home Craft Siding & Soffits Ltd.,Surrey (BC),$25.10 hourly,"April 25, 2026",https://www.jobbank.gc.ca/jobsearch/jobposting/49398028?source=searchresults
construction labourer,Kerrvan Contracting Inc.,Langley (BC),$25.00 hourly,"May 04, 2026",https://www.jobbank.gc.ca/jobsearch/jobposting/49450692?source=searchresults
construction helper,Westway Luxury Homes Inc.,Surrey (BC),$36.60 hourly,"April 24, 2026",https://www.jobbank.gc.ca/jobsearch/jobposting/49393678?source=searchresults
construction labourer,Sodhi Drywall Ltd,Vancouver (BC),$25.10 hourly,"March 27, 2026",https://www.jobbank.gc.ca/jobsearch/jobposting/49185543?source=searchresults
construction labourer,Edge line drywall systems ltd,Surrey (BC),$25.10 hourly,"March 17, 2026",https://www.jobbank.gc.ca/jobsearch/jobposting/49124413?source=searchresults
construction labourer,J K Drywall Ltd.,Surrey (BC),$25.10 hourly,"March 03, 2026",https://www.jobbank.gc.ca/jobsearch/jobposting/49036854?source=searchresults
construction helper,NEW DREAM LANDSCAPING LTD.,Surrey (BC),$36.60 hourly,"April 10, 2026",https://www.jobbank.gc.ca/jobsearch/jobposting/49268445?source=searchresults
construction helper,Apna Professional Framing Ltd.,Surrey (BC),$36.60 hourly,"April 03, 2026",https://www.jobbank.gc.ca/jobsearch/jobposting/49217109?source=searchresults
construction helper,Leading Edge Drywall Ltd,Surrey (BC),$36.60 hourly,"March 13, 2026",https://www.jobbank.gc.ca/jobsearch/jobposting/49103598?source=searchresults
construction helper,Boughan Developments,Surrey (BC),$36.60 hourly,"February 24, 2026",https://www.jobbank.gc.ca/jobsearch/jobposting/49000827?source=searchresults
construction helper,Bright Star Landscaping,Surrey (BC),$36.60 hourly,"February 12, 2026",https://www.jobbank.gc.ca/jobsearch/jobposting/48934129?source=searchresults
"labourer, construction",J&J Freshlook Homes Ltd,Abbotsford (BC),$25.00 hourly,"February 23, 2026",https://www.jobbank.gc.ca/jobsearch/jobposting/48991574?source=searchresults
construction helper,SUPERLATIVE DEVELOPMENTZ LTD.,Surrey (BC),$25.00 hourly,"March 03, 2026",https://www.jobbank.gc.ca/jobsearch/jobposting/49036143?source=searchresults
construction project coordinator,OLYMPIC CONTROLS,North Vancouver (BC),"$60,000.00 to $85,000.00 annually (to be negotiated)","May 27, 2026",https://www.jobbank.gc.ca/jobsearch/jobposting/49597314?source=searchresults
construction trades helper,Swarn Construction Inc.,Delta (BC),$25.00 hourly,"April 24, 2026",https://www.jobbank.gc.ca/jobsearch/jobposting/49394336?source=searchresults
construction helper,Pride Gas & Heating Ltd,Surrey (BC),$36.60 hourly,"April 19, 2026",https://www.jobbank.gc.ca/jobsearch/jobposting/49450172?source=searchresults
construction helper,Future Tech Glass and Closet Organizers,Surrey (BC),$26.00 hourly,"March 25, 2026",https://www.jobbank.gc.ca/jobsearch/jobposting/49175177?source=searchresults
construction helper,Sunstone Custom Homes Ltd.,Surrey (BC),$28.85 hourly,"March 02, 2026",https://www.jobbank.gc.ca/jobsearch/jobposting/49030515?source=searchresults
construction labourer,White Touch Drywall Ltd.,Delta (BC),$36.60 hourly,"February 10, 2026",https://www.jobbank.gc.ca/jobsearch/jobposting/48922874?source=searchresults
construction helper,Ultra Mechanical Ltd,Surrey (BC),$25.00 hourly,"February 18, 2026",https://www.jobbank.gc.ca/jobsearch/jobposting/48968073?source=searchresults
construction helper,Regal Drywall Limited,Surrey (BC),$25.00 hourly,"March 19, 2026",https://www.jobbank.gc.ca/jobsearch/jobposting/49137625?source=searchresults
"helper, painter - construction",Sabhi Painting ltd.,Surrey (BC),$23.00 hourly,"May 12, 2026",https://www.jobbank.gc.ca/jobsearch/jobposting/49497620?source=searchresults
construction labourer,A1 Insulators Inc.,Abbotsford (BC),$25.00 hourly,"March 25, 2026",https://www.jobbank.gc.ca/jobsearch/jobposting/49173947?source=searchresults
"estimator, construction",ADVANCED SYSTEMS ROOFING & WATERPROOFING LTD.,Coquitlam (BC),"$90,000.00 to $115,000.00 annually (to be negotiated)","May 13, 2026",https://www.jobbank.gc.ca/jobsearch/jobposting/49505036?source=searchresults
general construction labourer,Concorde Property Services,Coquitlam (BC),$19.00 to $20.00 hourly,"May 28, 2026",https://www.jobbank.gc.ca/jobsearch/jobposting/49607735?source=searchresults
construction helper,Newville Drywall Ltd.,Surrey (BC),$27.00 hourly,"May 12, 2026",https://www.jobbank.gc.ca/jobsearch/jobposting/49498723?source=searchresults
construction helper,Jag Roofing Ltd.,Abbotsford (BC),$25.10 hourly,"May 14, 2026",https://www.jobbank.gc.ca/jobsearch/jobposting/49514850?source=searchresults
construction helper,ANY & ALL DRYWALL SERVICES LTD,Surrey (BC),$28.00 hourly,"February 14, 2026",https://www.jobbank.gc.ca/jobsearch/jobposting/49537636?source=searchresults
"labourer, construction",Wescor Contracting Ltd.,Victoria (BC),$21.60 to $30.00 hourly (to be negotiated),"April 10, 2026",https://www.jobbank.gc.ca/jobsearch/jobposting/49261167?source=searchresults
construction helper,S.H.L. Wiring Ltd,Delta (BC),$25.00 hourly,"April 01, 2026",https://www.jobbank.gc.ca/jobsearch/jobposting/49206411?source=searchresults
construction helper,Hurricane Rebar & Waterproofing Ltd,Surrey (BC),$25.25 hourly,"April 01, 2026",https://www.jobbank.gc.ca/jobsearch/jobposting/49205064?source=searchresults
construction helper,RK Blossom Drywall Ltd.,Surrey (BC),$25.10 hourly,"March 09, 2026",https://www.jobbank.gc.ca/jobsearch/jobposting/49071950?source=searchresults
construction worker,Infinite Concrete Ltd,Mission (BC),$25.00 hourly,"February 19, 2026",https://www.jobbank.gc.ca/jobsearch/jobposting/48973601?source=searchresults
construction helper,Omega Stucco Ltd.,Surrey (BC),$25.00 hourly,"March 24, 2026",https://www.jobbank.gc.ca/jobsearch/jobposting/49168245?source=searchresults
"helper, construction electrician",Bluephase Electrical,Burnaby (BC),$25.00 hourly,"May 11, 2026",https://www.jobbank.gc.ca/jobsearch/jobposting/49493739?source=searchresults
construction helper,PG PRO DRYWALL LTD.,Prince George (BC),$22.00 hourly,"February 11, 2026",https://www.jobbank.gc.ca/jobsearch/jobposting/48930556?source=searchresults
construction helper,New World Roofing Ltd.,Surrey (BC),$24.00 hourly,"May 01, 2026",https://www.jobbank.gc.ca/jobsearch/jobposting/49434589?source=searchresults
construction helper,West Way Drywall Ltd.,Surrey (BC),$36.60 hourly,"April 23, 2026",https://www.jobbank.gc.ca/jobsearch/jobposting/49389756?source=searchresults
construction helper,B.M. Siding Hardie Ltd.,Surrey (BC),$25.10 hourly,"May 11, 2026",https://www.jobbank.gc.ca/jobsearch/jobposting/49493926?source=searchresults
"helper, trades - construction",Surrey Glass and Fence Ltd.,Surrey (BC),$25.00 hourly,"May 03, 2026",https://www.jobbank.gc.ca/jobsearch/jobposting/49582255?source=searchresults
general construction labourer,ACS Building Systems Inc.,North Vancouver (BC),$25.00 hourly,"April 02, 2026",https://www.jobbank.gc.ca/jobsearch/jobposting/49211229?source=searchresults
construction manager,Heritage Masonry & Conservation,Esquimalt (BC),$54.80 hourly,"April 17, 2026",https://www.jobbank.gc.ca/jobsearch/jobposting/49495668?source=searchresults
construction electrician helper,GK ELECTRIC LTD.,Surrey (BC),$25.50 hourly,"April 14, 2026",https://www.jobbank.gc.ca/jobsearch/jobposting/49335699?source=searchresults
construction helper,D&T Excavation Ltd,Mission (BC),$23.00 to $28.00 hourly (to be negotiated),"May 12, 2026",https://www.jobbank.gc.ca/jobsearch/jobposting/49498675?source=searchresults
construction trades helper,J.F Butler & Sons,Aldergrove (BC),$25.00 hourly,"March 02, 2026",https://www.jobbank.gc.ca/jobsearch/jobposting/49029742?source=searchresults
construction electrician helper,Garibaldi Electric Ltd,Squamish (BC),$25.00 hourly,"February 12, 2026",https://www.jobbank.gc.ca/jobsearch/jobposting/49520741?source=searchresults
asbestos worker - construction,Hazpro Environmental Ltd,Victoria (BC),$25.00 hourly,"March 31, 2026",https://www.jobbank.gc.ca/jobsearch/jobposting/49201031?source=searchresults
general construction labourer,Green City Asset Management Corp.,Vernon (BC),$27.00 hourly,"April 23, 2026",https://www.jobbank.gc.ca/jobsearch/jobposting/49389081?source=searchresults
construction helper,A Deep Stucco Ltd.,Surrey (BC),$36.60 hourly,"April 07, 2026",https://www.jobbank.gc.ca/jobsearch/jobposting/49234658?source=searchresults
construction helper,Artistic Drywall Ltd.,North Vancouver (BC),$25.00 hourly,"April 09, 2026",https://www.jobbank.gc.ca/jobsearch/jobposting/49249877?source=searchresults
construction helper,Rai Star Custom Homes Ltd,Delta (BC),$25.00 hourly,"March 16, 2026",https://www.jobbank.gc.ca/jobsearch/jobposting/49117264?source=searchresults
painter helper - construction,Caddy Painting and Renovations Ltd.,Surrey (BC),$24.00 hourly,"May 01, 2026",https://www.jobbank.gc.ca/jobsearch/jobposting/49434605?source=searchresults
painter helper - construction,New York Painting and coating ltd.,Surrey (BC),$25.00 hourly,"May 12, 2026",https://www.jobbank.gc.ca/jobsearch/jobposting/49498559?source=searchresults
construction helper,Grace Angel Masonry Canada Inc,Surrey (BC),$30.00 to $37.00 hourly (to be negotiated),"April 22, 2026",https://www.jobbank.gc.ca/jobsearch/jobposting/49382953?source=searchresults
construction labourer,Bains Waterproofing Ltd.,Surrey (BC),$25.00 hourly,"March 13, 2026",https://www.jobbank.gc.ca/jobsearch/jobposting/49104509?source=searchresults
journeyman/woman construction electrician,Alpine Electric LTD,Vancouver (BC),$37.00 hourly,"May 25, 2026",https://www.jobbank.gc.ca/jobsearch/jobposting/49583065?source=searchresults
construction electrician,HOMELIGHT ELECTRICAL LTD,Surrey (BC),$36.75 hourly,"May 20, 2026",https://www.jobbank.gc.ca/jobsearch/jobposting/49552950?source=searchresults
"superintendent, construction",Vancouver Shipyards Co. Ltd.,North Vancouver (BC),"$156,600.00 to $191,400.00 annually (to be negotiated)","March 17, 2026",https://www.jobbank.gc.ca/jobsearch/jobposting/49125564?source=searchresults
painter helper - construction,SAPPHIRE DESIGNS LTD,Surrey (BC),$36.60 hourly,"March 25, 2026",https://www.jobbank.gc.ca/jobsearch/jobposting/49175616?source=searchresults
construction electrician helper,RICKY'S ELECTRIC LTD,Abbotsford (BC),$25.00 hourly,"April 27, 2026",https://www.jobbank.gc.ca/jobsearch/jobposting/49543448?source=searchresults
construction electrician helper,Amex Electrical Ltd,Victoria (BC),$25.00 hourly,"May 06, 2026",https://www.jobbank.gc.ca/jobsearch/jobposting/49467564?source=searchresults
construction labourer and helper,One Call Drywall Solutions Ltd,Surrey (BC),$26.00 hourly,"February 24, 2026",https://www.jobbank.gc.ca/jobsearch/jobposting/49586229?source=searchresults
construction labourer,Nortek Exteriors Ltd.,Victoria (BC),$27.50 hourly,"February 11, 2026",https://www.jobbank.gc.ca/jobsearch/jobposting/49435775?source=searchresults
painter helper - construction,Onyx Painting Ltd.,Surrey (BC),$26.00 hourly,"May 10, 2026",https://www.jobbank.gc.ca/jobsearch/jobposting/49577690?source=searchresults
construction labourer and helper,Grizzlies Siding Ltd.,Surrey (BC),$25.00 hourly,"April 14, 2026",https://www.jobbank.gc.ca/jobsearch/jobposting/49334086?source=searchresults
construction project manager,Amini Construction Inc.,Vancouver (BC),"$80,000.00 to $140,000.00 annually","May 14, 2026",https://www.jobbank.gc.ca/jobsearch/jobposting/49508508?source=searchresults
construction electrician helper,ADEPT ELECTRICAL SERVICES LTD,Surrey (BC),$25.50 hourly,"May 07, 2026",https://www.jobbank.gc.ca/jobsearch/jobposting/49589691?source=searchresults
framer helper - construction,BITTU FRAMING LTD.,Surrey (BC),$25.25 hourly,"March 24, 2026",https://www.jobbank.gc.ca/jobsearch/jobposting/49166284?source=searchresults
construction helper,JM REBAR & INSULATION LTD.,Vancouver (BC),$25.00 hourly,"April 13, 2026",https://www.jobbank.gc.ca/jobsearch/jobposting/49300119?source=searchresults
construction manager,SafeBuild,Victoria (BC),$46.00 hourly,"April 09, 2026",https://www.jobbank.gc.ca/jobsearch/jobposting/49521995?source=searchresults
construction helper,Awesome Drywall Ltd.,Surrey (BC),$25.10 hourly,"March 06, 2026",https://www.jobbank.gc.ca/jobsearch/jobposting/49058712?source=searchresults
construction helper,Blue Diamond Drywall Ltd.,Surrey (BC),$25.10 hourly,"March 06, 2026",https://www.jobbank.gc.ca/jobsearch/jobposting/49058688?source=searchresults
construction manager,Isidore Landscapes Inc,Richmond (BC),$51.92 hourly,"February 19, 2026",https://www.jobbank.gc.ca/jobsearch/jobposting/48972171?source=searchresults
Construction site supervisor,JEMESON CONSTRUCTION LTD.,Surrey (BC),$37.50 hourly,"April 14, 2026",https://www.jobbank.gc.ca/jobsearch/jobposting/49421650?source=searchresults
"project manager, construction",SBMS CONSTRUCTION LTD.,Vancouver (BC),$42.00 hourly,"March 31, 2026",https://www.jobbank.gc.ca/jobsearch/jobposting/49198053?source=searchresults
construction labourer,JYP CONTRACTING LTD.,Surrey (BC),$25.00 hourly,"April 29, 2026",https://www.jobbank.gc.ca/jobsearch/jobposting/49423974?source=searchresults
construction estimator,Neil Smith Construction Ltd,Richmond (BC),$46.15 to $57.50 hourly (to be negotiated),"May 07, 2026",https://www.jobbank.gc.ca/jobsearch/jobposting/49475618?source=searchresults
painter helper - construction,XYZ Painting,Delta (BC),$28.85 hourly,"April 24, 2026",https://www.jobbank.gc.ca/jobsearch/jobposting/49394852?source=searchresults
construction electrician helper,A Class Electric Ltd.,Surrey (BC),$25.00 hourly,"February 23, 2026",https://www.jobbank.gc.ca/jobsearch/jobposting/48992044?source=searchresults
construction electrician helper,PURI ELECTRIC LTD.,Surrey (BC),$25.00 hourly,"April 13, 2026",https://www.jobbank.gc.ca/jobsearch/jobposting/49543430?source=searchresults
construction helper,Ardore frame & Drywall Ltd,Surrey (BC),$25.00 hourly,"March 19, 2026",https://www.jobbank.gc.ca/jobsearch/jobposting/49139653?source=searchresults
construction helper,straightedge Contractors inc.,Surrey (BC),$25.00 hourly,"March 19, 2026",https://www.jobbank.gc.ca/jobsearch/jobposting/49139297?source=searchresults
construction manager,Mazzei Electric,Vancouver (BC),"$145,000.00 to $175,000.00 annually","May 21, 2026",https://www.jobbank.gc.ca/jobsearch/jobposting/49559490?source=searchresults
construction helper,E-NET SOLUTIONS INC.,Victoria (BC),$25.00 to $28.00 hourly (to be negotiated),"March 09, 2026",https://www.jobbank.gc.ca/jobsearch/jobposting/49587594?source=searchresults
construction project coordinator,Arsh Infrastructure Projects Ltd,Delta (BC),$20.00 to $25.00 hourly,"May 13, 2026",https://www.jobbank.gc.ca/jobsearch/jobposting/49511398?source=searchresults
"helper, metal roofer - construction",Langley Roofing Co. Ltd,Surrey (BC),$25.00 hourly,"March 19, 2026",https://www.jobbank.gc.ca/jobsearch/jobposting/49139244?source=searchresults
construction helper,Caliber New Style Renovation Ltd,Surrey (BC),$26.00 hourly,"March 14, 2026",https://www.jobbank.gc.ca/jobsearch/jobposting/49108928?source=searchresults
construction labourer and helper,Tip Top Kitchen Cabinets Ltd,Surrey (BC),$25.00 hourly,"March 03, 2026",https://www.jobbank.gc.ca/jobsearch/jobposting/49036414?source=searchresults
construction field inspector,Siber Facade Group Inc.,Burnaby (BC),"$80,500.00 annually","March 11, 2026",https://www.jobbank.gc.ca/jobsearch/jobposting/49084643?source=searchresults
painter helper - construction,PRO-SHIELD ENTERPRISES INC.,Abbotsford (BC),$26.00 hourly,"February 19, 2026",https://www.jobbank.gc.ca/jobsearch/jobposting/48975103?source=searchresults
trades helper - construction,MORTISE GLASS & SHOWER DOORS LTD.,Surrey (BC),$25.00 hourly,"February 16, 2026",https://www.jobbank.gc.ca/jobsearch/jobposting/48954010?source=searchresults
"project engineer, construction",Metro Vancouver,Burnaby (BC),"$123,587.51 annually","June 04, 2026",https://www.jobbank.gc.ca/jobsearch/jobposting/49651874?source=searchresults
construction electrician helper,NEW TARGET ELECTRICAL LTD,Surrey (BC),$25.00 hourly,"March 20, 2026",https://www.jobbank.gc.ca/jobsearch/jobposting/49146406?source=searchresults
construction worker,NEXGEN BUILDING AND EXCAVATION INDUSTRIES LTD.,Houston (BC),$25.00 to $32.00 hourly (to be negotiated),"May 11, 2026",https://www.jobbank.gc.ca/jobsearch/jobposting/49494988?source=searchresults
construction trades helper,Vision 4 Structures Inc,Kelowna (BC),$27.00 to $28.00 hourly (to be negotiated),"March 19, 2026",https://www.jobbank.gc.ca/jobsearch/jobposting/49140242?source=searchresults
construction electrician helper,Seahog Electric Contracting Ltd.,Surrey (BC),$25.25 hourly,"April 28, 2026",https://www.jobbank.gc.ca/jobsearch/jobposting/49416644?source=searchresults
trades helper - construction,TEAK DRYWALL LTD,Surrey (BC),$25.50 hourly,"May 05, 2026",https://www.jobbank.gc.ca/jobsearch/jobposting/49461819?source=searchresults
general construction labourer,CAMERON ENTERPRISES,Fernie (BC),$26.95 hourly,"April 21, 2026",https://www.jobbank.gc.ca/jobsearch/jobposting/49374834?source=searchresults
construction trades helper,Frank & Sons Electrical,Vancouver (BC),$25.00 hourly,"April 10, 2026",https://www.jobbank.gc.ca/jobsearch/jobposting/49268466?source=searchresults
construction labourer and helper,Samy Investments Ltd.,Abbotsford (BC),$37.00 hourly,"April 23, 2026",https://www.jobbank.gc.ca/jobsearch/jobposting/49388519?source=searchresults
painter helper - construction,True Shades Painting Ltd,Surrey (BC),$25.00 hourly,"March 30, 2026",https://www.jobbank.gc.ca/jobsearch/jobposting/49196813?source=searchresults
mechanical estimator - construction,Lumi HVAC Ltd.,Richmond (BC),$41.20 hourly,"April 14, 2026",https://www.jobbank.gc.ca/jobsearch/jobposting/49335705?source=searchresults
construction labourer and helper,TL TRUST RENOVATION LTD,Surrey (BC),$25.00 hourly,"March 11, 2026",https://www.jobbank.gc.ca/jobsearch/jobposting/49087859?source=searchresults
"project engineer, construction",City of Vancouver,Vancouver (BC),"$80,008.00 annually","May 27, 2026",https://www.jobbank.gc.ca/jobsearch/jobposting/49597404?source=searchresults
"project engineer, construction",Cowichan Valley Regional District,Duncan (BC),$52.88 hourly,"May 12, 2026",https://www.jobbank.gc.ca/jobsearch/jobposting/49498415?source=searchresults
general supervisor - residential construction,PSR Construction Ltd.,Abbotsford (BC),$36.60 hourly,"April 15, 2026",https://www.jobbank.gc.ca/jobsearch/jobposting/49343272?source=searchresults
"project engineer, construction",Metro Vancouver,Burnaby (BC),"$123,587.51 annually","May 26, 2026",https://www.jobbank.gc.ca/jobsearch/jobposting/49589988?source=searchresults
Construction site supervisor,Axiom Builders Inc.,Coquitlam (BC),$43.27 hourly,"May 13, 2026",https://www.jobbank.gc.ca/jobsearch/jobposting/49506730?source=searchresults
construction helper,Pacific Stucco Ltd,Surrey (BC),$25.00 hourly,"April 14, 2026",https://www.jobbank.gc.ca/jobsearch/jobposting/49311825?source=searchresults
painter helper - construction,High Hit Painting Ltd.,Surrey (BC),$25.00 hourly,"May 14, 2026",https://www.jobbank.gc.ca/jobsearch/jobposting/49514888?source=searchresults
construction equipment operator,District of West Vancouver,West Vancouver (BC),$38.70 hourly,"May 25, 2026",https://www.jobbank.gc.ca/jobsearch/jobposting/49585159?source=searchresults
construction worker,Try Angle Siding Ltd,Surrey (BC),$24.00 hourly,"March 18, 2026",https://www.jobbank.gc.ca/jobsearch/jobposting/49134884?source=searchresults
construction electrician,Fox Electric Canada Inc,Surrey (BC),$35.00 to $40.00 hourly (to be negotiated),"April 02, 2026",https://www.jobbank.gc.ca/jobsearch/jobposting/49211607?source=searchresults
general supervisor - building construction,Bhullar Excavating and Demolition Inc,Richmond (BC),$36.60 hourly,"May 19, 2026",https://www.jobbank.gc.ca/jobsearch/jobposting/49542099?source=searchresults
Construction site supervisor,Adler Construction Services,Burnaby (BC),$40.00 to $43.00 hourly (to be negotiated),"May 08, 2026",https://www.jobbank.gc.ca/jobsearch/jobposting/49492905?source=searchresults
carpenter,Dauncey Construction Ltd,Vernon (BC),$32.50 to $40.00 hourly,"June 04, 2026",https://www.jobbank.gc.ca/jobsearch/jobposting/49653486?source=searchresults
heavy construction crew foreman/woman,DIVISION 2 CONTRACTING LTD.,Burnaby (BC),$41.00 to $45.00 hourly (to be negotiated),"May 28, 2026",https://www.jobbank.gc.ca/jobsearch/jobposting/49607169?source=searchresults
cost estimator - construction,MERIDIAN MARINE INDUSTRIES INC,Delta (BC),$41.50 hourly,"May 11, 2026",https://www.jobbank.gc.ca/jobsearch/jobposting/49494741?source=searchresults
trade contractor estimator - construction,Crown Flooring and Construction Ltd,Vancouver (BC),$37.00 to $42.00 hourly (to be negotiated),"April 07, 2026",https://www.jobbank.gc.ca/jobsearch/jobposting/49235108?source=searchresults
painter helper - construction,BOBY PAINTING LTD.,Kelowna (BC),$37.00 hourly,"March 19, 2026",https://www.jobbank.gc.ca/jobsearch/jobposting/49139231?source=searchresults
construction carpenter,Skookum Scaffolding Ltd.,Delta (BC),$42.00 hourly,"May 06, 2026",https://www.jobbank.gc.ca/jobsearch/jobposting/49467911?source=searchresults
construction manager,TYPHON CONCRETE CUTTING & CORING INC,Coquitlam (BC),$52.00 to $55.00 hourly (to be negotiated),"March 30, 2026",https://www.jobbank.gc.ca/jobsearch/jobposting/49195711?source=searchresults
construction worker,Associa,Victoria (BC),"$52,000.00 to $65,000.00 annually","May 23, 2026",https://www.jobbank.gc.ca/jobsearch/jobposting/49647973?source=searchresults
construction electrician,Intense Voltage Electrical LTD,Surrey (BC),$36.75 hourly,"March 02, 2026",https://www.jobbank.gc.ca/jobsearch/jobposting/49029795?source=searchresults
carpenter,Greendoor Construction,Fernie (BC),$35.00 hourly,"June 03, 2026",https://www.jobbank.gc.ca/jobsearch/jobposting/49644868?source=searchresults
residential construction supervisor,Project Roofing Limited,Surrey (BC),$43.50 hourly,"April 06, 2026",https://www.jobbank.gc.ca/jobsearch/jobposting/49228493?source=searchresults
insulator helper,Ruentex Construction Ltd,Vancouver (BC),$25.00 hourly,"May 19, 2026",https://www.jobbank.gc.ca/jobsearch/jobposting/49544080?source=searchresults
painter helper - construction,Modern Professional Painting Ltd.,Surrey (BC),$26.00 hourly,"May 02, 2026",https://www.jobbank.gc.ca/jobsearch/jobposting/49437300?source=searchresults
carpenter,W.A.J. Construction and Renovations INC,Prince George (BC),$30.00 to $40.00 hourly,"June 03, 2026",https://www.jobbank.gc.ca/jobsearch/jobposting/49642709?source=searchresults
painting supervisor - construction,3 PRO PAINTING LTD.,Vancouver (BC),$38.00 to $40.00 hourly (to be negotiated),"April 20, 2026",https://www.jobbank.gc.ca/jobsearch/jobposting/49368634?source=searchresults
Drywall helper,FAST DRYWALL LTD,Delta (BC),$25.00 hourly,"June 06, 2026",https://www.jobbank.gc.ca/jobsearch/jobposting/49664533?source=searchresults
glazier helper,Phoenix Glass Inc.,Delta (BC),$25.00 hourly,"June 03, 2026",https://www.jobbank.gc.ca/jobsearch/jobposting/49643111?source=searchresults
ironworker helper,Broncos Rebar,Abbotsford (BC),$30.00 hourly,"June 06, 2026",https://www.jobbank.gc.ca/jobsearch/jobposting/49664348?source=searchresults
"project manager, construction",City of Vancouver,Vancouver (BC),"$99,947.00 annually","June 05, 2026",https://www.jobbank.gc.ca/jobsearch/jobposting/49658366?source=searchresults
construction painters supervisor,Landmark Painting & Coating Ltd.,Surrey (BC),$37.50 hourly,"March 02, 2026",https://www.jobbank.gc.ca/jobsearch/jobposting/49030776?source=searchresults
cost estimator - construction,Shine Construction Ltd,Surrey (BC),"$80,000.00 annually","June 04, 2026",https://www.jobbank.gc.ca/jobsearch/jobposting/49655477?source=searchresults
demolition worker,Dallas Watt Demo Ltd,Coquitlam (BC),$25.00 to $32.00 hourly (to be negotiated),"June 03, 2026",https://www.jobbank.gc.ca/jobsearch/jobposting/49644599?source=searchresults
plumber helper,Blue Sea Plumbing & Heating Ltd.,Surrey (BC),$25.20 hourly,"June 01, 2026",https://www.jobbank.gc.ca/jobsearch/jobposting/49628759?source=searchresults
"project manager, construction",PCL Constructors Westcoast Inc.,Richmond (BC),"$108,000.00 to $125,000.00 annually (to be negotiated)","March 12, 2026",https://www.jobbank.gc.ca/jobsearch/jobposting/49095906?source=searchresults
Construction site supervisor,Matakana Scaffolding B.C. Inc.,Burnaby (BC),$47.00 hourly,"May 01, 2026",https://www.jobbank.gc.ca/jobsearch/jobposting/49569474?source=searchresults
electrician,Raisahara Enterprises Ltd.,Surrey (BC),$37.00 hourly,"June 04, 2026",https://www.jobbank.gc.ca/jobsearch/jobposting/49653271?source=searchresults
construction painters supervisor,MR.WOODPECKER PAINTINGS,Surrey (BC),$37.50 hourly,"May 09, 2026",https://www.jobbank.gc.ca/jobsearch/jobposting/49493891?source=searchresults
asphalt raker,Save On BlackTop,Surrey (BC),$27.50 hourly,"June 02, 2026",https://www.jobbank.gc.ca/jobsearch/jobposting/49638214?source=searchresults
apprentice carpenter,Lacey Construction,Mission (BC),$22.00 to $25.00 hourly,"May 26, 2026",https://www.jobbank.gc.ca/jobsearch/jobposting/49590737?source=searchresults
drywall and acoustical board installer helper,13 13 (BC) Constructions Ltd,Surrey (BC),$25.50 hourly,"May 19, 2026",https://www.jobbank.gc.ca/jobsearch/jobposting/49546322?source=searchresults
construction painters supervisor,Skyline Projects Ltd,Surrey (BC),$41.00 hourly,"March 17, 2026",https://www.jobbank.gc.ca/jobsearch/jobposting/49125565?source=searchresults
flagperson,Robson Valley Traffic Control Services Ltd,McBride (BC),$26.00 hourly,"June 04, 2026",https://www.jobbank.gc.ca/jobsearch/jobposting/49651149?source=searchresults
construction project coordinator,MacQueen Systems,Chilliwack (BC),"$60,000.00 to $70,000.00 annually","June 04, 2026",https://www.jobbank.gc.ca/jobsearch/jobposting/49653476?source=searchresults
carpenter helper,anahat construction ltd.,Surrey (BC),$25.00 hourly,"May 20, 2026",https://www.jobbank.gc.ca/jobsearch/jobposting/49553015?source=searchresults
drywall sander,SUPER ONE DRYWALL & CONTRACTING LTD.,Abbotsford (BC),$25.00 hourly,"May 25, 2026",https://www.jobbank.gc.ca/jobsearch/jobposting/49583098?source=searchresults
carpenter,Greyback Construction Ltd.,Logan Lake (BC),$35.00 to $42.00 hourly,"June 04, 2026",https://www.jobbank.gc.ca/jobsearch/jobposting/49653704?source=searchresults
insulator helper,K&K INSULATION LTD.,Surrey (BC),$26.50 hourly,"May 23, 2026",https://www.jobbank.gc.ca/jobsearch/jobposting/49572100?source=searchresults
drywall and acoustical installer helper,H & I Toor Drywall & Construction Ltd.,Abbotsford (BC),$28.85 hourly,"May 21, 2026",https://www.jobbank.gc.ca/jobsearch/jobposting/49558321?source=searchresults
framing carpenter,INAYAT CONSTRUCTION LTD.,Surrey (BC),$36.75 hourly,"May 28, 2026",https://www.jobbank.gc.ca/jobsearch/jobposting/49606022?source=searchresults
roofer helper,M.D.M. Roofing Ltd,Surrey (BC),$26.00 hourly,"May 29, 2026",https://www.jobbank.gc.ca/jobsearch/jobposting/49612032?source=searchresults
Construction site supervisor,BRC Railing Ltd.,Surrey (BC),$37.50 hourly,"April 06, 2026",https://www.jobbank.gc.ca/jobsearch/jobposting/49227992?source=searchresults
housing renovator,Wet Coast Interiors Ltd.,Aldergrove (BC),$37.00 hourly,"June 02, 2026",https://www.jobbank.gc.ca/jobsearch/jobposting/49636229?source=searchresults
insulator helper,Nagra Insulation Ltd,Surrey (BC),$25.00 hourly,"June 05, 2026",https://www.jobbank.gc.ca/jobsearch/jobposting/49659061?source=searchresults
"project manager, construction",Sunshine Coast Regional District,Sechelt (BC),$48.43 hourly,"May 21, 2026",https://www.jobbank.gc.ca/jobsearch/jobposting/49559711?source=searchresults
carpenter,Newcrest Construction Inc.,Victoria (BC),$35.00 to $40.00 hourly,"May 25, 2026",https://www.jobbank.gc.ca/jobsearch/jobposting/49583779?source=searchresults
carpenter,1234 Construction Ltd.,Kelowna (BC),$36.60 to $39.00 hourly (to be negotiated),"May 28, 2026",https://www.jobbank.gc.ca/jobsearch/jobposting/49601533?source=searchresults
carpenter,Covertime Construction Ltd.,Abbotsford (BC),$36.75 hourly,"June 04, 2026",https://www.jobbank.gc.ca/jobsearch/jobposting/49651638?source=searchresults
insulator helper,Fransor Insulation Ltd.,Surrey (BC),$29.00 hourly,"May 22, 2026",https://www.jobbank.gc.ca/jobsearch/jobposting/49566181?source=searchresults
construction carpenter,AYAC CONSTRUCTION SOLUTIONS LTD.,New Westminster (BC),$31.50 to $37.00 hourly (to be negotiated),"May 20, 2026",https://www.jobbank.gc.ca/jobsearch/jobposting/49550589?source=searchresults
"project co-ordinator, construction",Sunshine Coast Regional District,Sechelt (BC),$48.43 hourly,"May 21, 2026",https://www.jobbank.gc.ca/jobsearch/jobposting/49558995?source=searchresults
carpenter helper,Hundal Finishing Ltd,Surrey (BC),$25.50 hourly,"May 26, 2026",https://www.jobbank.gc.ca/jobsearch/jobposting/49589772?source=searchresults
construction labourer and helper,SMARTWAY RESTORATION LTD,Langford (BC),$23.00 to $28.00 hourly (to be negotiated),"April 06, 2026",https://www.jobbank.gc.ca/jobsearch/jobposting/49589435?source=searchresults
mechanical estimator - construction,Crown Distributors/ Ortech Industries,Surrey (BC),$40.40 hourly,"March 02, 2026",https://www.jobbank.gc.ca/jobsearch/jobposting/49029859?source=searchresults
construction site superintendent,Gavan Construction Company Ltd,Whistler (BC),$45.00 to $55.00 hourly (to be negotiated),"May 25, 2026",https://www.jobbank.gc.ca/jobsearch/jobposting/49583241?source=searchresults
construction labourer and helper,Gavan Construction Company Ltd,Whistler (BC),$25.00 to $30.00 hourly (to be negotiated),"May 25, 2026",https://www.jobbank.gc.ca/jobsearch/jobposting/49583226?source=searchresults
general construction labourer,Miclex Construction Inc.,Chilliwack (BC),$24.00 to $44.00 hourly (to be negotiated),"May 25, 2026",https://www.jobbank.gc.ca/jobsearch/jobposting/49579602?source=searchresults
apprentice carpenter,Vectis Custom Homes Ltd.,Nanoose Bay (BC),$30.00 to $45.00 hourly,"June 02, 2026",https://www.jobbank.gc.ca/jobsearch/jobposting/49638614?source=searchresults
general supervisor - building construction,A-1 Trusses Ltd.,Surrey (BC),$38.00 hourly,"March 11, 2026",https://www.jobbank.gc.ca/jobsearch/jobposting/49089174?source=searchresults
carpenter,HIT Quality Construction LTD,Vancouver (BC),$33.00 to $37.00 hourly,"June 02, 2026",https://www.jobbank.gc.ca/jobsearch/jobposting/49635925?source=searchresults
painting supervisor - construction,Stay Dry Painting 7 Ltd.,Surrey (BC),$37.50 hourly,"May 12, 2026",https://www.jobbank.gc.ca/jobsearch/jobposting/49498554?source=searchresults
"estimator, construction",Nxstar Systems Inc.,Kamloops (BC),$20.00 to $24.00 hourly (to be negotiated),"June 05, 2026",https://www.jobbank.gc.ca/jobsearch/jobposting/49659738?source=searchresults
dozer operator,Infracon Construction Inc.,Kamloops (BC),$37.00 hourly,"June 05, 2026",https://www.jobbank.gc.ca/jobsearch/jobposting/49657477?source=searchresults
carpenter helper,shri guru nanak construction ltd,Surrey (BC),$25.00 hourly,"May 20, 2026",https://www.jobbank.gc.ca/jobsearch/jobposting/49552982?source=searchresults
construction estimator,West Fraser Developments Ltd.,Surrey (BC),$40.40 hourly,"June 04, 2026",https://www.jobbank.gc.ca/jobsearch/jobposting/49653769?source=searchresults
construction painter,Blue Grass Drywall Ltd.,Surrey (BC),$36.65 hourly,"June 04, 2026",https://www.jobbank.gc.ca/jobsearch/jobposting/49652518?source=searchresults
"painter, construction",Concord Concrete Pumps,Port Coquitlam (BC),$23.00 hourly,"June 03, 2026",https://www.jobbank.gc.ca/jobsearch/jobposting/49643760?source=searchresults
carpenter,sg bros construction ltd,Surrey (BC),$36.60 to $37.00 hourly (to be negotiated),"June 03, 2026",https://www.jobbank.gc.ca/jobsearch/jobposting/49644158?source=searchresults
construction painter,Dunbar Painting Inc,Vancouver (BC),$31.00 hourly,"June 02, 2026",https://www.jobbank.gc.ca/jobsearch/jobposting/49631989?source=searchresults
heavy equipment operator,Brocor Construction Ltd.,Dawson Creek (BC),$28.00 to $42.00 hourly (to be negotiated),"May 25, 2026",https://www.jobbank.gc.ca/jobsearch/jobposting/49583069?source=searchresults
"electrician, construction and maintenance",Days Inn,Delta (BC),$37.00 hourly,"March 18, 2026",https://www.jobbank.gc.ca/jobsearch/jobposting/49129549?source=searchresults
carpenter,North Built Construction,Abbotsford (BC),$35.00 to $40.00 hourly,"May 25, 2026",https://www.jobbank.gc.ca/jobsearch/jobposting/49648713?source=searchresults
carpenter,GS 10 Construction,Vernon (BC),$36.60 hourly,"May 27, 2026",https://www.jobbank.gc.ca/jobsearch/jobposting/49598244?source=searchresults
heavy equipment operator,Infracon Construction Inc.,Cache Creek (BC),$34.91 hourly,"May 28, 2026",https://www.jobbank.gc.ca/jobsearch/jobposting/49647448?source=searchresults
drilling machine operator - construction,Terracana Foundation Solutions Inc.,Coquitlam (BC),$39.93 hourly,"April 10, 2026",https://www.jobbank.gc.ca/jobsearch/jobposting/49268457?source=searchresults
carpenter,3308 Construction inc.,Victoria (BC),$25.00 to $40.00 hourly,"May 24, 2026",https://www.jobbank.gc.ca/jobsearch/jobposting/49577718?source=searchresults
carpenter,MacJac Construction inc.,Nanaimo (BC),$38.00 to $45.00 hourly (to be negotiated),"June 02, 2026",https://www.jobbank.gc.ca/jobsearch/jobposting/49635856?source=searchresults
carpenter,JCC Construction,Deroche (BC),$36.60 hourly,"June 05, 2026",https://www.jobbank.gc.ca/jobsearch/jobposting/49659123?source=searchresults
renovation carpenter,River Crest Contracting,Chilliwack (BC),$25.00 to $40.00 hourly,"June 04, 2026",https://www.jobbank.gc.ca/jobsearch/jobposting/49652679?source=searchresults
carpenter helper,Parbh Homes Ltd.,Surrey (BC),$25.00 hourly,"May 26, 2026",https://www.jobbank.gc.ca/jobsearch/jobposting/49590618?source=searchresults
carpenter,Caneast Construction and Renovations Ltd,Surrey (BC),$36.60 hourly,"May 28, 2026",https://www.jobbank.gc.ca/jobsearch/jobposting/49606126?source=searchresults
carpenter helper,MDR Ltd.,Vancouver (BC),$17.85 to $32.30 hourly,"June 02, 2026",https://www.jobbank.gc.ca/jobsearch/jobposting/49635318?source=searchresults
carpenter,Miclex Construction Inc.,Chilliwack (BC),$24.00 to $44.00 hourly (to be negotiated),"May 25, 2026",https://www.jobbank.gc.ca/jobsearch/jobposting/49579198?source=searchresults
excavator operator,Central Okanagan Property Management Ltd.,Kelowna (BC),$25.00 to $35.00 hourly,"June 03, 2026",https://www.jobbank.gc.ca/jobsearch/jobposting/49644364?source=searchresults
plumber helper,Killarney Mechanical Ltd,Burnaby (BC),$25.00 hourly,"May 23, 2026",https://www.jobbank.gc.ca/jobsearch/jobposting/49569482?source=searchresults
"painter, construction",Honey painting ltd.,Surrey (BC),$29.00 hourly,"May 26, 2026",https://www.jobbank.gc.ca/jobsearch/jobposting/49589781?source=searchresults
construction painter,LUXE PAINTING LTD.,Surrey (BC),$29.00 hourly,"May 26, 2026",https://www.jobbank.gc.ca/jobsearch/jobposting/49589775?source=searchresults
apprentice carpenter,Trillian Construction Ltd.,Nanaimo (BC),$22.00 to $30.00 hourly,"May 27, 2026",https://www.jobbank.gc.ca/jobsearch/jobposting/49600400?source=searchresults
concrete forms carpenter,KRISTHAN CONSTRUCTION INCORPORATED,Surrey (BC),$36.60 hourly,"June 07, 2026",https://www.jobbank.gc.ca/jobsearch/jobposting/49667232?source=searchresults
pipelayer,TwinCon Enterprises Ltd.,Princeton (BC),$37.00 to $42.00 hourly,"June 05, 2026",https://www.jobbank.gc.ca/jobsearch/jobposting/49661176?source=searchresults
demolition worker,Hands On Demolition & Excavating Ltd.,Delta (BC),$25.00 hourly,"May 26, 2026",https://www.jobbank.gc.ca/jobsearch/jobposting/49588731?source=searchresults
glazier helper,Pinnacle Glass And Aluminum,Surrey (BC),$25.00 hourly,"May 20, 2026",https://www.jobbank.gc.ca/jobsearch/jobposting/49552868?source=searchresults
roofer helper,Sure Shield Roofing Ltd,Surrey (BC),$25.00 hourly,"June 04, 2026",https://www.jobbank.gc.ca/jobsearch/jobposting/49655566?source=searchresults
roofer helper,EFBY CONSTRUCTION LTD.,Port Coquitlam (BC),$25.00 hourly,"May 06, 2026",https://www.jobbank.gc.ca/jobsearch/jobposting/49468294?source=searchresults
construction general manager,Buildtech Contracting Inc.,Richmond (BC),$60.00 to $61.00 hourly (to be negotiated),"May 11, 2026",https://www.jobbank.gc.ca/jobsearch/jobposting/49494981?source=searchresults
apprentice carpenter,MacJac Construction inc.,Nanaimo (BC),$25.00 to $35.00 hourly (to be negotiated),"June 02, 2026",https://www.jobbank.gc.ca/jobsearch/jobposting/49635850?source=searchresults
carpenter,Downs Construction,Esquimalt (BC),$30.00 to $39.00 hourly,"May 26, 2026",https://www.jobbank.gc.ca/jobsearch/jobposting/49590788?source=searchresults
"carpenter, concrete forms",Kimola Construction Ltd,Maple Ridge (BC),$35.00 to $40.00 hourly (to be negotiated),"June 01, 2026",https://www.jobbank.gc.ca/jobsearch/jobposting/49628272?source=searchresults
concrete finisher helper,White Stone Concrete & Construction Ltd.,Chilliwack (BC),$25.00 hourly,"May 07, 2026",https://www.jobbank.gc.ca/jobsearch/jobposting/49470429?source=searchresults
roofer helper,Red Roofing Ltd.,Vernon (BC),$28.00 hourly,"June 01, 2026",https://www.jobbank.gc.ca/jobsearch/jobposting/49627741?source=searchresults
roofer helper,PHILSTAR ROOFING & DISPOSAL LTD,Langley (BC),$25.00 hourly,"May 19, 2026",https://www.jobbank.gc.ca/jobsearch/jobposting/49543932?source=searchresults
"helper, concrete finisher",Sams Concrete Company,Richmond (BC),$37.50 to $40.00 hourly (to be negotiated),"May 18, 2026",https://www.jobbank.gc.ca/jobsearch/jobposting/49534435?source=searchresults
construction general manager,METRO VAN CONSTRUCTION LTD,Richmond (BC),$54.65 hourly,"May 20, 2026",https://www.jobbank.gc.ca/jobsearch/jobposting/49552994?source=searchresults
general construction foreman/woman,Doni's Sprayers & Power Washing Ltd.,Abbotsford (BC),$41.00 hourly,"February 25, 2026",https://www.jobbank.gc.ca/jobsearch/jobposting/49005628?source=searchresults
carpenter,The Tarcott Group,Langley (BC),$25.00 to $40.00 hourly,"May 26, 2026",https://www.jobbank.gc.ca/jobsearch/jobposting/49590035?source=searchresults
carpenter,Revolt Homes LTD,Vancouver (BC),$37.00 to $39.24 hourly,"May 27, 2026",https://www.jobbank.gc.ca/jobsearch/jobposting/49600224?source=searchresults
framing carpenter,Avjot Construction Co. Ltd,Richmond (BC),$37.00 hourly,"May 26, 2026",https://www.jobbank.gc.ca/jobsearch/jobposting/49589730?source=searchresults
finish carpenter,CKT Projects Inc.,Victoria (BC),$25.00 to $42.00 hourly (to be negotiated),"June 02, 2026",https://www.jobbank.gc.ca/jobsearch/jobposting/49636609?source=searchresults
carpenter,Linos Construction Ltd.,Vancouver (BC),$36.60 to $38.00 hourly (to be negotiated),"June 03, 2026",https://www.jobbank.gc.ca/jobsearch/jobposting/49644978?source=searchresults
excavator operator,Cutline Contracting,Chilliwack (BC),$30.00 to $45.00 hourly,"June 05, 2026",https://www.jobbank.gc.ca/jobsearch/jobposting/49659206?source=searchresults
plumber helper,JS Hayer Plumbing & Heating Ltd.,Surrey (BC),$21.00 to $30.00 hourly (to be negotiated),"June 03, 2026",https://www.jobbank.gc.ca/jobsearch/jobposting/49644627?source=searchresults
dozer operator,Tophay Agri-Industries Inc.,Vanderhoof (BC),$23.00 hourly,"May 27, 2026",https://www.jobbank.gc.ca/jobsearch/jobposting/49591756?source=searchresults
countertop installer,Provincial Building Services,Victoria (BC),$18.38 to $42.15 hourly,"June 05, 2026",https://www.jobbank.gc.ca/jobsearch/jobposting/49657391?source=searchresults
carpenter,Revere Interior Construction,Victoria (BC),$25.00 to $45.00 hourly,"May 25, 2026",https://www.jobbank.gc.ca/jobsearch/jobposting/49584716?source=searchresults
demolition foreman/woman,WEST DEMOLITION SERVICES LTD.,Surrey (BC),$41.00 hourly,"June 04, 2026",https://www.jobbank.gc.ca/jobsearch/jobposting/49655165?source=searchresults
Construction site supervisor,Nuframe Group,Surrey (BC),$37.50 hourly,"June 05, 2026",https://www.jobbank.gc.ca/jobsearch/jobposting/49659097?source=searchresults
construction project manager This job posting is posted by a recruitment agency on behalf of the employer.,Whistler Personnel,Whistler (BC),$50.00 to $60.00 hourly (to be negotiated),"June 05, 2026",https://www.jobbank.gc.ca/jobsearch/jobposting/49658258?source=searchresults
"supervisor, construction painters",Chahal Painting,Surrey (BC),"$62,400.00 annually","June 04, 2026",https://www.jobbank.gc.ca/jobsearch/jobposting/49653416?source=searchresults
general construction supervisor,Immortal Plumbing and Heating Ltd.,Surrey (BC),$38.50 hourly,"June 04, 2026",https://www.jobbank.gc.ca/jobsearch/jobposting/49652914?source=searchresults
construction painters supervisor,LINEAR PAINTING LTD.,Abbotsford (BC),$42.00 hourly,"June 04, 2026",https://www.jobbank.gc.ca/jobsearch/jobposting/49652445?source=searchresults
Construction site supervisor,Nu-Vue Exteriors Ltd.,Kamloops (BC),$36.60 hourly,"June 04, 2026",https://www.jobbank.gc.ca/jobsearch/jobposting/49649949?source=searchresults
painting supervisor - construction,Walnut Grove Painting and Coating Ltd.,Surrey (BC),$38.00 hourly,"June 03, 2026",https://www.jobbank.gc.ca/jobsearch/jobposting/49646804?source=searchresults
carpenter,BULANDI WOOD DESIGN LTD.,Surrey (BC),$36.60 hourly,"May 26, 2026",https://www.jobbank.gc.ca/jobsearch/jobposting/49591276?source=searchresults
carpenter,KSN Construction Ltd.,Abbotsford (BC),$37.00 hourly,"May 22, 2026",https://www.jobbank.gc.ca/jobsearch/jobposting/49563603?source=searchresults
roofer helper,INNOVATION ROOFING LTD.,Surrey (BC),$25.00 hourly,"May 18, 2026",https://www.jobbank.gc.ca/jobsearch/jobposting/49537810?source=searchresults
painting supervisor - construction,Strength Of Colours Painting Ltd,Langford (BC),$36.70 hourly,"June 01, 2026",https://www.jobbank.gc.ca/jobsearch/jobposting/49630175?source=searchresults
roofer helper,SIERRANS ROOFING LTD.,Langley (BC),$25.00 hourly,"May 19, 2026",https://www.jobbank.gc.ca/jobsearch/jobposting/49543952?source=searchresults
steel stud framer - carpentry,Aquila Frames Ltd.,Surrey (BC),$37.00 hourly,"May 27, 2026",https://www.jobbank.gc.ca/jobsearch/jobposting/49599453?source=searchresults
carpenter,HI-RISE CONSTRUCTION LTD,Langley (BC),$37.50 hourly,"May 25, 2026",https://www.jobbank.gc.ca/jobsearch/jobposting/49582556?source=searchresults
carpenter,DHILLON13 CONSTRUCTION LTD.,Mission (BC),$36.00 hourly,"May 19, 2026",https://www.jobbank.gc.ca/jobsearch/jobposting/49544035?source=searchresults
excavator operator,Nortek contracting Ltd.,Prince George (BC),$32.00 to $37.00 hourly,"June 05, 2026",https://www.jobbank.gc.ca/jobsearch/jobposting/49654931?source=searchresults
concrete pump operator,Skeena Concrete Products Ltd.,Terrace (BC),$35.00 to $45.00 hourly,"May 20, 2026",https://www.jobbank.gc.ca/jobsearch/jobposting/49552945?source=searchresults
carpenter helper,Bright Concept Construction Ltd,Abbotsford (BC),$25.00 hourly,"May 04, 2026",https://www.jobbank.gc.ca/jobsearch/jobposting/49449007?source=searchresults
painting supervisor - construction,Noor Painting,Surrey (BC),$37.50 hourly,"May 29, 2026",https://www.jobbank.gc.ca/jobsearch/jobposting/49613831?source=searchresults
general construction supervisor,H & S Insulation,Surrey (BC),$41.00 hourly,"May 29, 2026",https://www.jobbank.gc.ca/jobsearch/jobposting/49613828?source=searchresults
general construction supervisor,Guru Service Group,Surrey (BC),$41.00 hourly,"May 29, 2026",https://www.jobbank.gc.ca/jobsearch/jobposting/49613822?source=searchresults
carpenter,Gavan Construction Company Ltd,Whistler (BC),$37.50 to $43.00 hourly (to be negotiated),"May 25, 2026",https://www.jobbank.gc.ca/jobsearch/jobposting/49583188?source=searchresults
framer-carpenter,NST Construction Ltd,Surrey (BC),$36.60 hourly,"May 19, 2026",https://www.jobbank.gc.ca/jobsearch/jobposting/49542942?source=searchresults
"helper, cement finisher",Builden Network and Construction Solutions Ltd.,Surrey (BC),$25.00 to $28.00 hourly (to be negotiated),"March 16, 2026",https://www.jobbank.gc.ca/jobsearch/jobposting/49542820?source=searchresults
roofer helper,Nexas Roofing Ltd.,Surrey (BC),$25.00 hourly,"May 16, 2026",https://www.jobbank.gc.ca/jobsearch/jobposting/49528843?source=searchresults
"installer, siding",BREGA Contracting,Kamloops (BC),$20.00 to $35.00 hourly,"May 21, 2026",https://www.jobbank.gc.ca/jobsearch/jobposting/49553756?source=searchresults
"construction foreman/woman, capital project",Gavan Construction Company Ltd,Whistler (BC),$43.00 to $50.00 hourly (to be negotiated),"May 25, 2026",https://www.jobbank.gc.ca/jobsearch/jobposting/49583252?source=searchresults
Construction site supervisor,PRO-SHIELD ENTERPRISES INC.,Abbotsford (BC),$38.00 hourly,"May 28, 2026",https://www.jobbank.gc.ca/jobsearch/jobposting/49605486?source=searchresults
carpenter,Goertzen Contracting LTD,Invermere (BC),$28.00 to $34.00 hourly,"May 19, 2026",https://www.jobbank.gc.ca/jobsearch/jobposting/49544622?source=searchresults
electrician,B I R HOMES,White Rock (BC),$36.60 hourly,"June 04, 2026",https://www.jobbank.gc.ca/jobsearch/jobposting/49652517?source=searchresults
carpenter,Uptown Drywall Solutions Incorporated,Richmond (BC),$38.00 hourly,"June 04, 2026",https://www.jobbank.gc.ca/jobsearch/jobposting/49651838?source=searchresults
painting supervisor - construction,HMS Painting Ltd.,Surrey (BC),$41.00 hourly,"May 27, 2026",https://www.jobbank.gc.ca/jobsearch/jobposting/49599819?source=searchresults
carpenter,P3S Constructions Inc.,Kelowna (BC),$37.00 hourly,"May 13, 2026",https://www.jobbank.gc.ca/jobsearch/jobposting/49508283?source=searchresults
ironworker - metal building systems erector,PMC Builders & Developers Ltd.,Surrey (BC),$29.00 to $40.00 hourly (to be negotiated),"June 01, 2026",https://www.jobbank.gc.ca/jobsearch/jobposting/49629817?source=searchresults
electrician,TDR Electric Inc,Vancouver (BC),$39.00 hourly,"May 25, 2026",https://www.jobbank.gc.ca/jobsearch/jobposting/49583040?source=searchresults
"technician, civil engineering",Loewen Paving Ltd,Chilliwack (BC),$38.00 hourly,"May 25, 2026",https://www.jobbank.gc.ca/jobsearch/jobposting/49585822?source=searchresults
finish carpenter,White Drywall & Development Ltd,Surrey (BC),$36.60 hourly,"June 05, 2026",https://www.jobbank.gc.ca/jobsearch/jobposting/49658709?source=searchresults
"helper, insulator",SmartSpace Insulation,Surrey (BC),$17.85 to $20.00 hourly,"May 30, 2026",https://www.jobbank.gc.ca/jobsearch/jobposting/49617530?source=searchresults
"carpenter, concrete forms",Limen Masonry 2013 Ltd.,Maple Ridge (BC),$47.00 hourly,"June 04, 2026",https://www.jobbank.gc.ca/jobsearch/jobposting/49655483?source=searchresults
carpenter,Ace Framing Ltd.,Surrey (BC),$37.00 hourly,"June 04, 2026",https://www.jobbank.gc.ca/jobsearch/jobposting/49655467?source=searchresults
electrician,Elixir Electric Ltd,Burnaby (BC),$36.60 hourly,"June 04, 2026",https://www.jobbank.gc.ca/jobsearch/jobposting/49652519?source=searchresults
carpenter,Covetime Retreat,Refuge Cove (BC),$41.56 hourly,"June 03, 2026",https://www.jobbank.gc.ca/jobsearch/jobposting/49649061?source=searchresults
residential construction supervisor,Khattar Constructions,Langley (BC),$38.00 hourly,"May 16, 2026",https://www.jobbank.gc.ca/jobsearch/jobposting/49529014?source=searchresults
heavy equipment operator,Gravity Construction Inc,North Vancouver (BC),$45.00 hourly,"May 19, 2026",https://www.jobbank.gc.ca/jobsearch/jobposting/49544029?source=searchresults
carpenter,Jetline Contracting Ltd.,Richmond (BC),$33.00 to $36.60 hourly (to be negotiated),"June 03, 2026",https://www.jobbank.gc.ca/jobsearch/jobposting/49644143?source=searchresults
excavator operator,MG Development,Revelstoke (BC),$31.00 to $35.00 hourly (to be negotiated),"May 27, 2026",https://www.jobbank.gc.ca/jobsearch/jobposting/49599101?source=searchresults
carpenter,Mehar Finishing Ltd,Surrey (BC),$37.10 hourly,"June 01, 2026",https://www.jobbank.gc.ca/jobsearch/jobposting/49628217?source=searchresults
carpenter helper,S & NJ Construction LTD,Surrey (BC),$25.10 hourly,"March 13, 2026",https://www.jobbank.gc.ca/jobsearch/jobposting/49102959?source=searchresults
window installer,Cascadia Windows & Doors,Langley (BC),$25.00 to $27.00 hourly,"May 28, 2026",https://www.jobbank.gc.ca/jobsearch/jobposting/49624354?source=searchresults
roofers and shinglers supervisor,LIONS ART ROOFING LTD.,Surrey (BC),$37.50 hourly,"May 28, 2026",https://www.jobbank.gc.ca/jobsearch/jobposting/49605005?source=searchresults
carpenter,Best Quality Kitchen Cabinets,Surrey (BC),$36.60 hourly,"June 04, 2026",https://www.jobbank.gc.ca/jobsearch/jobposting/49652546?source=searchresults
bricklayer supervisor,HEAVEN MASONRY AND CONSTRUCTION LTD.,Surrey (BC),$47.00 hourly,"May 26, 2026",https://www.jobbank.gc.ca/jobsearch/jobposting/49590733?source=searchresults
carpenter,Splatsin Development Corporation,Enderby (BC),$27.50 to $32.00 hourly,"May 21, 2026",https://www.jobbank.gc.ca/jobsearch/jobposting/49560028?source=searchresults
carpenter,G S TOOR CONSTRUCTION LTD,Surrey (BC),$36.60 hourly,"May 19, 2026",https://www.jobbank.gc.ca/jobsearch/jobposting/49543973?source=searchresults
carpenter,Pagnotta Inc.,Vancouver (BC),$36.60 hourly,"June 05, 2026",https://www.jobbank.gc.ca/jobsearch/jobposting/49659519?source=searchresults
electrician,ROOP ELECTRIC CO LTD.,Vancouver (BC),$37.00 hourly,"June 05, 2026",https://www.jobbank.gc.ca/jobsearch/jobposting/49659070?source=searchresults
countertop installer,Feeling Stone,Richmond (BC),$36.60 hourly,"May 28, 2026",https://www.jobbank.gc.ca/jobsearch/jobposting/49606033?source=searchresults
carpenter,Ladner Homes Ltd,Delta (BC),$31.50 hourly,"June 03, 2026",https://www.jobbank.gc.ca/jobsearch/jobposting/49646037?source=searchresults
swimming pool worker,Aloha Pools Ltd.,Vancouver (BC),$32.50 hourly,"May 23, 2026",https://www.jobbank.gc.ca/jobsearch/jobposting/49569473?source=searchresults
roofers foreman/woman,Brokop Roofing,Victoria (BC),$36.60 hourly,"June 02, 2026",https://www.jobbank.gc.ca/jobsearch/jobposting/49634671?source=searchresults
"helper, glass setter",VALUE AUTOGLASS LTD,Abbotsford (BC),$26.50 hourly,"May 11, 2026",https://www.jobbank.gc.ca/jobsearch/jobposting/49493735?source=searchresults
heavy equipment operator,Blastpro Construction Ltd,Houston (BC),$22.00 to $33.00 hourly (to be negotiated),"May 20, 2026",https://www.jobbank.gc.ca/jobsearch/jobposting/49552909?source=searchresults
fence installer,Tomco Maintenance,Courtenay (BC),$20.00 to $25.00 hourly,"June 06, 2026",https://www.jobbank.gc.ca/jobsearch/jobposting/49664704?source=searchresults
electrician,AZZAD ELECTRICAL CORP.,Delta (BC),$37.00 hourly,"May 20, 2026",https://www.jobbank.gc.ca/jobsearch/jobposting/49550450?source=searchresults
form carpenter,Elite Formwork Inc.,Kelowna (BC),$31.00 hourly,"June 05, 2026",https://www.jobbank.gc.ca/jobsearch/jobposting/49660676?source=searchresults
carpenter,MILLWOODS CUSTOM CABINETRY LTD.,Kelowna (BC),$36.60 hourly,"June 05, 2026",https://www.jobbank.gc.ca/jobsearch/jobposting/49659057?source=searchresults
carpenter,Zaldana Carpenter Ltd.,Surrey (BC),$36.60 hourly,"June 05, 2026",https://www.jobbank.gc.ca/jobsearch/jobposting/49655122?source=searchresults
finish carpenter,J.S CHEEMA FINISHING CARPENTRY LTD,Surrey (BC),$47.00 hourly,"June 04, 2026",https://www.jobbank.gc.ca/jobsearch/jobposting/49650622?source=searchresults
steel stud framer - carpentry,Stanley Walls Ltd.,Victoria (BC),$37.00 hourly,"June 03, 2026",https://www.jobbank.gc.ca/jobsearch/jobposting/49646041?source=searchresults
steel stud framer - carpentry,STUDSITE ENTERPRISES LIMITED,Surrey (BC),$37.00 hourly,"June 03, 2026",https://www.jobbank.gc.ca/jobsearch/jobposting/49644996?source=searchresults
carpenter,City of Kelowna,Kelowna (BC),$42.98 hourly,"June 03, 2026",https://www.jobbank.gc.ca/jobsearch/jobposting/49645038?source=searchresults
carpenter,Ramiro Construction Ltd,Surrey (BC),$37.00 hourly,"May 19, 2026",https://www.jobbank.gc.ca/jobsearch/jobposting/49546615?source=searchresults
construction worker,Greyback Construction Ltd.,Penticton (BC),$27.00 to $28.00 hourly (to be negotiated),"March 03, 2026",https://www.jobbank.gc.ca/jobsearch/jobposting/49035506?source=searchresults
construction carpenter,HMD Construction Ltd.,Burnaby (BC),$37.00 hourly,"February 17, 2026",https://www.jobbank.gc.ca/jobsearch/jobposting/48959883?source=searchresults
framing carpenter,FLORA FRAMING LTD,Richmond (BC),$36.60 hourly,"May 27, 2026",https://www.jobbank.gc.ca/jobsearch/jobposting/49599431?source=searchresults
insulation supervisor,Brar Insulation Ltd.,Surrey (BC),$37.00 hourly,"June 06, 2026",https://www.jobbank.gc.ca/jobsearch/jobposting/49662074?source=searchresults
carpenter,Dura Seal Ltd.,Port Coquitlam (BC),$30.00 to $45.00 hourly (to be negotiated),"June 05, 2026",https://www.jobbank.gc.ca/jobsearch/jobposting/49660649?source=searchresults
construction helper,URBAN PARK DEVELOPMENT LTD.,Kelowna (BC),$36.60 hourly,"May 18, 2026",https://www.jobbank.gc.ca/jobsearch/jobposting/49537233?source=searchresults
insulator helper,Thermo-Guard Insulation Systems Ltd.,Burnaby (BC),$25.00 hourly,"May 12, 2026",https://www.jobbank.gc.ca/jobsearch/jobposting/49500003?source=searchresults
framer-carpenter,KOTDATTA FRAMING LTD.,Delta (BC),$36.60 hourly,"June 04, 2026",https://www.jobbank.gc.ca/jobsearch/jobposting/49652817?source=searchresults
carpenter,TG Forming & Framing,North Vancouver (BC),$37.00 hourly,"June 04, 2026",https://www.jobbank.gc.ca/jobsearch/jobposting/49648194?source=searchresults
steel stud framer - carpentry,White Rock Drywall Ltd,Delta (BC),$37.00 hourly,"June 03, 2026",https://www.jobbank.gc.ca/jobsearch/jobposting/49645690?source=searchresults
carpenter,Dave Mann Construction Ltd,Delta (BC),$30.00 hourly,"May 15, 2026",https://www.jobbank.gc.ca/jobsearch/jobposting/49520753?source=searchresults
siding installer,Redpoint Construction Ltd,Salmon Arm (BC),$23.00 to $32.00 hourly (to be negotiated),"May 19, 2026",https://www.jobbank.gc.ca/jobsearch/jobposting/49544528?source=searchresults
carpenter,Parbh Homes Ltd.,Surrey (BC),$36.60 to $40.00 hourly (to be negotiated),"May 26, 2026",https://www.jobbank.gc.ca/jobsearch/jobposting/49590615?source=searchresults
electrician,Clarus Electric Corp,Surrey (BC),$36.60 hourly,"June 05, 2026",https://www.jobbank.gc.ca/jobsearch/jobposting/49660324?source=searchresults
electrician,Sher Electrical Service Ltd.,New Westminster (BC),$36.60 hourly,"June 05, 2026",https://www.jobbank.gc.ca/jobsearch/jobposting/49659533?source=searchresults
"project engineer, construction",Metro Vancouver,Burnaby (BC),"$108,607.20 annually","June 01, 2026",https://www.jobbank.gc.ca/jobsearch/jobposting/49627304?source=searchresults
carpenter helper,Hi Fi Framing Ltd,Surrey (BC),$25.00 hourly,"May 18, 2026",https://www.jobbank.gc.ca/jobsearch/jobposting/49537077?source=searchresults
carpenter lead hand,Redpoint Construction Ltd,Salmon Arm (BC),$30.00 to $40.00 hourly (to be negotiated),"May 19, 2026",https://www.jobbank.gc.ca/jobsearch/jobposting/49545990?source=searchresults
plumber helper,CASCADE BATH & LIGHTING LTD,Langley (BC),$23.00 hourly,"May 12, 2026",https://www.jobbank.gc.ca/jobsearch/jobposting/49499501?source=searchresults
roofer helper,Tan Roofing,Surrey (BC),$25.00 hourly,"May 08, 2026",https://www.jobbank.gc.ca/jobsearch/jobposting/49492647?source=searchresults
"painter, construction",HI-RISE CONSTRUCTION LTD,Langley (BC),$37.50 hourly,"March 11, 2026",https://www.jobbank.gc.ca/jobsearch/jobposting/49088193?source=searchresults
Construction site supervisor,Golden Future Construction Ltd,Delta (BC),$38.00 hourly,"May 14, 2026",https://www.jobbank.gc.ca/jobsearch/jobposting/49514851?source=searchresults
tile setter helper,VanDeco tile & stone,Langley (BC),$22.52 to $35.00 hourly,"May 20, 2026",https://www.jobbank.gc.ca/jobsearch/jobposting/49546983?source=searchresults
carpenter,GRANPEPE CONSTRUCTION INC.,Surrey (BC),$31.50 hourly,"May 15, 2026",https://www.jobbank.gc.ca/jobsearch/jobposting/49522785?source=searchresults
excavation worker,Excellence Excavating Ltd,Surrey (BC),$25.00 hourly,"March 25, 2026",https://www.jobbank.gc.ca/jobsearch/jobposting/49174410?source=searchresults
siding installer,Aesthetic Exteriors Ltd.,Surrey (BC),$36.70 hourly,"June 02, 2026",https://www.jobbank.gc.ca/jobsearch/jobposting/49637011?source=searchresults
steel stud framer - carpentry,Riveting Renovations Ltd,Langford (BC),$33.00 hourly,"May 28, 2026",https://www.jobbank.gc.ca/jobsearch/jobposting/49605214?source=searchresults
carpenter,Keystone Commercial Construction Ltd.,Mission (BC),$37.00 hourly,"May 21, 2026",https://www.jobbank.gc.ca/jobsearch/jobposting/49559046?source=searchresults
grouter,Integrity Shoring & Civil Ltd.,Abbotsford (BC),$32.00 hourly,"May 14, 2026",https://www.jobbank.gc.ca/jobsearch/jobposting/49515326?source=searchresults
carpenter,S B Framing Ltd.,Surrey (BC),$36.75 hourly,"May 27, 2026",https://www.jobbank.gc.ca/jobsearch/jobposting/49599454?source=searchresults
painter and decorator helper,Roller Kings Painting Ltd.,Surrey (BC),$36.60 hourly,"June 04, 2026",https://www.jobbank.gc.ca/jobsearch/jobposting/49655681?source=searchresults
concrete former helper,Concept Forming Ltd.,Surrey (BC),$25.00 hourly,"May 05, 2026",https://www.jobbank.gc.ca/jobsearch/jobposting/49462026?source=searchresults
glazier helper,Sunflex Windows and Doors Renovations Ltd,Surrey (BC),$27.00 hourly,"May 12, 2026",https://www.jobbank.gc.ca/jobsearch/jobposting/49498063?source=searchresults
framer-carpenter,Saihaj Framing Ltd,Delta (BC),$37.00 hourly,"May 27, 2026",https://www.jobbank.gc.ca/jobsearch/jobposting/49596659?source=searchresults
Construction site supervisor,Gorayaview Construction Ltd,Surrey (BC),$33.00 hourly,"May 11, 2026",https://www.jobbank.gc.ca/jobsearch/jobposting/49494049?source=searchresults
carpenter,Powell Contracting,North Vancouver (BC),$32.00 to $40.00 hourly (to be negotiated),"June 01, 2026",https://www.jobbank.gc.ca/jobsearch/jobposting/49627206?source=searchresults
painter,Property Partners Contracting,Victoria (BC),$28.00 to $34.00 hourly,"May 26, 2026",https://www.jobbank.gc.ca/jobsearch/jobposting/49586542?source=searchresults
plumber helper,IMPERIAL MECHANICAL LTD.,Surrey (BC),$25.00 hourly,"March 13, 2026",https://www.jobbank.gc.ca/jobsearch/jobposting/49102823?source=searchresults
marble setters foreman/woman,Emperor Stone Imports and Trades Ltd.,Coquitlam (BC),$37.50 hourly,"June 05, 2026",https://www.jobbank.gc.ca/jobsearch/jobposting/49659543?source=searchresults
asbestos removal supervisor,Urban Environmental,Maple Ridge (BC),$37.50 hourly,"June 05, 2026",https://www.jobbank.gc.ca/jobsearch/jobposting/49656900?source=searchresults
carpenter,RIGHT WAY TILING LTD.,Surrey (BC),$36.64 hourly,"June 04, 2026",https://www.jobbank.gc.ca/jobsearch/jobposting/49651734?source=searchresults
carpenter,White Ocean Drywall Co.,Surrey (BC),$36.60 hourly,"June 03, 2026",https://www.jobbank.gc.ca/jobsearch/jobposting/49644608?source=searchresults
demolition worker,Galaxy Human Resources Inc,Victoria (BC),$19.00 to $22.00 hourly (to be negotiated),"April 28, 2026",https://www.jobbank.gc.ca/jobsearch/jobposting/49541462?source=searchresults
plumber helper,Chahal Mechanical Ltd.,Surrey (BC),$25.00 hourly,"April 29, 2026",https://www.jobbank.gc.ca/jobsearch/jobposting/49421652?source=searchresults
carpenter,Riveting Renovations Ltd,Langford (BC),$33.00 hourly,"May 27, 2026",https://www.jobbank.gc.ca/jobsearch/jobposting/49597800?source=searchresults
carpenter,Rana siding &Gutters Ltd.,Delta (BC),$36.60 hourly,"May 25, 2026",https://www.jobbank.gc.ca/jobsearch/jobposting/49580057?source=searchresults
heavy equipment operator,Frind Estate Winery,Vernon (BC),$30.00 to $36.00 hourly,"June 03, 2026",https://www.jobbank.gc.ca/jobsearch/jobposting/49646345?source=searchresults
carpenter,WIZ Plus Properties Inc.,West Kelowna (BC),$30.00 to $45.00 hourly,"June 02, 2026",https://www.jobbank.gc.ca/jobsearch/jobposting/49649200?source=searchresults
drywall and acoustical installer helper,Artistic Drywall Ltd.,North Vancouver (BC),$26.00 hourly,"April 22, 2026",https://www.jobbank.gc.ca/jobsearch/jobposting/49380507?source=searchresults
framers foreman/woman,BHANDAL CONTRACTORS (2011) INC,Vancouver (BC),$38.00 hourly,"May 25, 2026",https://www.jobbank.gc.ca/jobsearch/jobposting/49583318?source=searchresults
carpenter helper,Attractive Kitchen Cabinets Ltd.,Surrey (BC),$27.50 hourly,"March 12, 2026",https://www.jobbank.gc.ca/jobsearch/jobposting/49090720?source=searchresults
apprentice electrician,Palmer Power electrical,Terrace (BC),$28.00 to $35.00 hourly (to be negotiated),"May 25, 2026",https://www.jobbank.gc.ca/jobsearch/jobposting/49583018?source=searchresults
carpenter,Stutters Restorations,Castlegar (BC),$32.00 to $37.00 hourly,"May 20, 2026",https://www.jobbank.gc.ca/jobsearch/jobposting/49549691?source=searchresults
carpenter helper,PREFERRED RESTORATIONS LTD.,New Westminster (BC),$25.05 hourly,"March 31, 2026",https://www.jobbank.gc.ca/jobsearch/jobposting/49521760?source=searchresults
plumber helper,GURJAS ENTERPRISES,Victoria (BC),$25.00 hourly,"February 13, 2026",https://www.jobbank.gc.ca/jobsearch/jobposting/48938777?source=searchresults
drywall and acoustical board installer helper,ARB DRYWALL LTD.,White Rock (BC),$25.25 hourly,"April 07, 2026",https://www.jobbank.gc.ca/jobsearch/jobposting/49234170?source=searchresults
automatic door system installer and servicer,EASI Entrance Automation Systems Inc.,Surrey (BC),$31.00 to $40.00 hourly (to be negotiated),"June 04, 2026",https://www.jobbank.gc.ca/jobsearch/jobposting/49655764?source=searchresults
mechanic helper,Grandview Blacktop Ltd,Abbotsford (BC),$36.70 hourly,"June 04, 2026",https://www.jobbank.gc.ca/jobsearch/jobposting/49652456?source=searchresults
disaster restoration technician,Platinum Pro-Claim Restoration,Richmond (BC),$25.00 to $30.00 hourly (to be negotiated),"June 04, 2026",https://www.jobbank.gc.ca/jobsearch/jobposting/49651659?source=searchresults
"installer helper, vanities and kitchen cupboards",Maple Glass & Closets Ltd.,Langford (BC),$25.50 hourly,"May 15, 2026",https://www.jobbank.gc.ca/jobsearch/jobposting/49520782?source=searchresults
roofer helper,Modren Roofing Inc,Mission (BC),$25.00 hourly,"March 02, 2026",https://www.jobbank.gc.ca/jobsearch/jobposting/49031178?source=searchresults
glazier helper,High End Shower Doors And Railings,Surrey (BC),$25.00 hourly,"February 18, 2026",https://www.jobbank.gc.ca/jobsearch/jobposting/48966385?source=searchresults
civil engineering technician,District of Saanich,Saanich (BC),$55.71 hourly,"May 27, 2026",https://www.jobbank.gc.ca/jobsearch/jobposting/49596727?source=searchresults
plumber helper,Mainland Services and Sales Ltd.,Victoria (BC),$25.00 hourly,"February 25, 2026",https://www.jobbank.gc.ca/jobsearch/jobposting/49430583?source=searchresults
demolition foreman/woman,Daniel Garbage Removal & Renovation Ltd.,Burnaby (BC),$37.00 hourly,"May 24, 2026",https://www.jobbank.gc.ca/jobsearch/jobposting/49576213?source=searchresults
Drywall helper,FAST DRYWALL LTD,Delta (BC),$25.00 hourly,"February 07, 2026",https://www.jobbank.gc.ca/jobsearch/jobposting/48905130?source=searchresults
pipelayer,Fontaine Site Services,Vancouver (BC),$37.00 to $45.00 hourly,"June 03, 2026",https://www.jobbank.gc.ca/jobsearch/jobposting/49644792?source=searchresults
concrete finisher helper,Sunger Concrete Ltd.,Surrey (BC),$25.00 hourly,"February 09, 2026",https://www.jobbank.gc.ca/jobsearch/jobposting/49541516?source=searchresults
municipal engineering assistant,District of West Vancouver,West Vancouver (BC),$30.22 hourly,"June 03, 2026",https://www.jobbank.gc.ca/jobsearch/jobposting/49645698?source=searchresults
carpenter helper,Kalesnikoff,Castlegar (BC),$28.75 to $33.30 hourly,"May 20, 2026",https://www.jobbank.gc.ca/jobsearch/jobposting/49553326?source=searchresults
carpenter,Zarikoff Developments,Castlegar (BC),$35.00 to $40.00 hourly,"May 20, 2026",https://www.jobbank.gc.ca/jobsearch/jobposting/49549872?source=searchresults
carpenter,Keith Construction Group Ltd.,Victoria (BC),$32.00 hourly,"May 19, 2026",https://www.jobbank.gc.ca/jobsearch/jobposting/49542524?source=searchresults
pipelayer,Central Okanagan Property Management Ltd.,Vernon (BC),$25.00 to $35.00 hourly,"June 03, 2026",https://www.jobbank.gc.ca/jobsearch/jobposting/49644201?source=searchresults
fence installer,Northwest Fencing,Langford (BC),$25.00 to $32.00 hourly,"May 15, 2026",https://www.jobbank.gc.ca/jobsearch/jobposting/49524142?source=searchresults
roofer helper,Brightstar Roofing Ltd,Surrey (BC),$25.00 hourly,"March 13, 2026",https://www.jobbank.gc.ca/jobsearch/jobposting/49580078?source=searchresults
construction project coordinator This job posting is posted by a recruitment agency on behalf of the employer.,Whistler Personnel,Whistler (BC),$40.00 to $50.00 hourly (to be negotiated),"May 19, 2026",https://www.jobbank.gc.ca/jobsearch/jobposting/49540763?source=searchresults
framer-carpenter,Punjab construction Ltd.,Abbotsford (BC),$39.00 hourly,"May 04, 2026",https://www.jobbank.gc.ca/jobsearch/jobposting/49451335?source=searchresults
carpenter,G & H Insulation Ltd.,Surrey (BC),$36.75 hourly,"May 22, 2026",https://www.jobbank.gc.ca/jobsearch/jobposting/49566546?source=searchresults
carpenter,Invictus Northwest Group,Pitt Meadows (BC),$37.27 hourly,"June 01, 2026",https://www.jobbank.gc.ca/jobsearch/jobposting/49632036?source=searchresults
carpenter helper,CANADIAN GLASS LTD,Delta (BC),$26.00 hourly,"May 06, 2026",https://www.jobbank.gc.ca/jobsearch/jobposting/49469862?source=searchresults
carpenter,Northern Rockies Lodge,Muncho Lake (BC),$20.00 to $35.00 hourly (to be negotiated),"May 29, 2026",https://www.jobbank.gc.ca/jobsearch/jobposting/49614118?source=searchresults
door installer,Solidrock General Contracting,Dawson Creek (BC),$25.00 to $30.00 hourly (to be negotiated),"May 25, 2026",https://www.jobbank.gc.ca/jobsearch/jobposting/49584868?source=searchresults
painting supervisor - construction,TNH Construction,Vancouver (BC),$37.50 to $39.50 hourly (to be negotiated),"April 15, 2026",https://www.jobbank.gc.ca/jobsearch/jobposting/49341556?source=searchresults
Construction site supervisor,QKD Construction Ltd.,Vancouver (BC),$37.50 to $39.00 hourly (to be negotiated),"March 03, 2026",https://www.jobbank.gc.ca/jobsearch/jobposting/49035486?source=searchresults
carpenter helper,Taj Finishing,Surrey (BC),$25.50 hourly,"April 17, 2026",https://www.jobbank.gc.ca/jobsearch/jobposting/49355010?source=searchresults
concrete finisher helper,Cisco Concrete Services Ltd,Port Coquitlam (BC),$25.00 hourly,"February 26, 2026",https://www.jobbank.gc.ca/jobsearch/jobposting/49013385?source=searchresults
civil engineering technologist,City of Prince George,Prince George (BC),$41.32 hourly,"May 27, 2026",https://www.jobbank.gc.ca/jobsearch/jobposting/49598356?source=searchresults
countertop installer,Emperor Stone Imports and Trades Ltd.,Coquitlam (BC),$36.60 hourly,"May 29, 2026",https://www.jobbank.gc.ca/jobsearch/jobposting/49611617?source=searchresults
roofer helper,RMD Roofing Ltd,New Westminster (BC),$25.00 hourly,"March 06, 2026",https://www.jobbank.gc.ca/jobsearch/jobposting/49580079?source=searchresults
glazier helper,MED Glass Incorporated,Surrey (BC),$25.00 hourly,"February 27, 2026",https://www.jobbank.gc.ca/jobsearch/jobposting/49591290?source=searchresults
carpenter,B4U Construction Ltd.,Surrey (BC),$37.00 hourly,"May 06, 2026",https://www.jobbank.gc.ca/jobsearch/jobposting/49466421?source=searchresults
plasterer helper,Canadian Quality Stucco Ltd.,Surrey (BC),$24.00 hourly,"April 20, 2026",https://www.jobbank.gc.ca/jobsearch/jobposting/49580725?source=searchresults
carpenter,AAA ALLQUEST RESTORATION LTD,Richmond (BC),$36.60 hourly,"May 22, 2026",https://www.jobbank.gc.ca/jobsearch/jobposting/49566864?source=searchresults
maintenance mechanic,District of Lantzville,Lantzville (BC),$40.21 hourly,"May 25, 2026",https://www.jobbank.gc.ca/jobsearch/jobposting/49584571?source=searchresults
Drywall helper,Wescor Contracting Ltd.,Victoria (BC),$25.00 to $38.50 hourly (to be negotiated),"March 31, 2026",https://www.jobbank.gc.ca/jobsearch/jobposting/49200864?source=searchresults
carpenter helper,Marathon Homes Ltd,Surrey (BC),$20.00 to $25.00 hourly (to be negotiated),"March 04, 2026",https://www.jobbank.gc.ca/jobsearch/jobposting/49043261?source=searchresults
construction estimator,Metro Standard Insulation,Surrey (BC),$40.50 hourly,"May 13, 2026",https://www.jobbank.gc.ca/jobsearch/jobposting/49505967?source=searchresults
asbestos remover,ASBESTOS REMOVAL & RENOVATION,Vancouver (BC),$25.00 hourly,"May 03, 2026",https://www.jobbank.gc.ca/jobsearch/jobposting/49443614?source=searchresults
plumber helper,sky high plumbing and heating ltd,Delta (BC),$36.80 hourly,"April 03, 2026",https://www.jobbank.gc.ca/jobsearch/jobposting/49214438?source=searchresults
roofer helper,Sharp Roofers Ltd,Langley (BC),$25.00 hourly,"March 20, 2026",https://www.jobbank.gc.ca/jobsearch/jobposting/49580077?source=searchresults
carpenter,DOOR TO DOOR CONSTRUCTION LTD.,Surrey (BC),$37.00 hourly,"May 15, 2026",https://www.jobbank.gc.ca/jobsearch/jobposting/49521223?source=searchresults
painter and decorator helper,Riar Painting Ltd.,Surrey (BC),$28.85 hourly,"May 13, 2026",https://www.jobbank.gc.ca/jobsearch/jobposting/49505913?source=searchresults
framing carpenter,J.R.M. Construction,Delta (BC),$36.60 hourly,"March 02, 2026",https://www.jobbank.gc.ca/jobsearch/jobposting/49029233?source=searchresults
carpenter helper,A-1 Gutters Ltd.,Surrey (BC),$25.10 hourly,"March 24, 2026",https://www.jobbank.gc.ca/jobsearch/jobposting/49168587?source=searchresults
steel fabricator,Kay-Son Steel Fabricators Ltd,Coquitlam (BC),$36.60 hourly,"June 02, 2026",https://www.jobbank.gc.ca/jobsearch/jobposting/49635387?source=searchresults
carpenter,Dicoe Contracting Ltd,Surrey (BC),$32.00 hourly,"May 22, 2026",https://www.jobbank.gc.ca/jobsearch/jobposting/49567353?source=searchresults
roofer helper,B Hypnotized Industries inc,Sidney (BC),$25.00 hourly,"April 15, 2026",https://www.jobbank.gc.ca/jobsearch/jobposting/49342174?source=searchresults
"carpenter, framing",M.I. construction,Campbell River (BC),$24.00 to $30.00 hourly,"May 15, 2026",https://www.jobbank.gc.ca/jobsearch/jobposting/49516959?source=searchresults
apprentice carpenter,Caledon Homes Ltd.,Golden (BC),$22.00 to $36.00 hourly (to be negotiated),"May 20, 2026",https://www.jobbank.gc.ca/jobsearch/jobposting/49550308?source=searchresults
carpenter,Technicon Industries Ltd,Prince Rupert (BC),$30.00 to $46.00 hourly (to be negotiated),"May 25, 2026",https://www.jobbank.gc.ca/jobsearch/jobposting/49582287?source=searchresults
concrete finisher helper,3D Concrete,Creston (BC),$26.95 hourly,"March 26, 2026",https://www.jobbank.gc.ca/jobsearch/jobposting/49178281?source=searchresults
tile setter helper,O.Z. Granites Ltd.,Surrey (BC),$26.00 hourly,"March 03, 2026",https://www.jobbank.gc.ca/jobsearch/jobposting/49036692?source=searchresults
carpenter,Dalim Construction Ltd,Burnaby (BC),$36.65 hourly,"May 01, 2026",https://www.jobbank.gc.ca/jobsearch/jobposting/49429949?source=searchresults
scaffolder,Northwest Scaffolding,Victoria (BC),$25.00 to $49.99 hourly (to be negotiated),"April 27, 2026",https://www.jobbank.gc.ca/jobsearch/jobposting/49467499?source=searchresults
general construction supervisor,TPD CONSTRUCTION WORKS LTD.,Abbotsford (BC),$36.60 hourly,"April 02, 2026",https://www.jobbank.gc.ca/jobsearch/jobposting/49213194?source=searchresults
painter,Island Wide Painting,Victoria (BC),$22.00 to $25.00 hourly,"June 02, 2026",https://www.jobbank.gc.ca/jobsearch/jobposting/49638379?source=searchresults
painter,CALICO PAINTING CO.INC.,Victoria (BC),$22.00 to $30.00 hourly,"May 25, 2026",https://www.jobbank.gc.ca/jobsearch/jobposting/49583891?source=searchresults
insulator helper,Knights Insulation Ltd,Burnaby (BC),$25.00 hourly,"April 21, 2026",https://www.jobbank.gc.ca/jobsearch/jobposting/49376521?source=searchresults
carpenter,Cameron Taylor Contracting Ltd.,Abbotsford (BC),$36.60 hourly,"May 28, 2026",https://www.jobbank.gc.ca/jobsearch/jobposting/49606026?source=searchresults
general contractor,JTAK Industrial Ltd,Campbell River (BC),$35.00 to $50.00 hourly,"May 11, 2026",https://www.jobbank.gc.ca/jobsearch/jobposting/49491088?source=searchresults
carpenter,Pura Vida,Langley (BC),$37.00 hourly,"May 28, 2026",https://www.jobbank.gc.ca/jobsearch/jobposting/49604784?source=searchresults
carpenter,Alpha building construction Ltd,North Vancouver (BC),$33.50 hourly,"May 11, 2026",https://www.jobbank.gc.ca/jobsearch/jobposting/49494302?source=searchresults
framer-carpenter,Fraserwood Construction Ltd.,Surrey (BC),$36.80 hourly,"April 29, 2026",https://www.jobbank.gc.ca/jobsearch/jobposting/49422677?source=searchresults
tile setter helper,Boys Tile and Flooring Ltd,Langford (BC),$27.00 hourly,"April 09, 2026",https://www.jobbank.gc.ca/jobsearch/jobposting/49251575?source=searchresults
"window and door installer, aluminum",TRUEBASE CONSTRUCTION LTD.,Surrey (BC),$36.60 hourly,"March 17, 2026",https://www.jobbank.gc.ca/jobsearch/jobposting/49125947?source=searchresults
window installer,Cascadia Windows & Doors,Langley (BC),$35.00 to $36.00 hourly,"May 28, 2026",https://www.jobbank.gc.ca/jobsearch/jobposting/49623944?source=searchresults
carpenter,Caledon Homes Ltd.,Golden (BC),$30.00 to $50.00 hourly (to be negotiated),"May 20, 2026",https://www.jobbank.gc.ca/jobsearch/jobposting/49550229?source=searchresults
excavator operator,Fontaine Site Services,Vancouver (BC),$37.00 to $45.00 hourly,"June 04, 2026",https://www.jobbank.gc.ca/jobsearch/jobposting/49652013?source=searchresults
heavy equipment operator,E2L Construction Ltd,Burnaby (BC),$37.00 hourly,"April 22, 2026",https://www.jobbank.gc.ca/jobsearch/jobposting/49379279?source=searchresults
carpenter helper,JSP Framing Ltd,Surrey (BC),$25.00 hourly,"March 24, 2026",https://www.jobbank.gc.ca/jobsearch/jobposting/49168236?source=searchresults
roofer helper,Cambie Roofing Contractors Ltd.,Vancouver (BC),$27.50 hourly,"March 16, 2026",https://www.jobbank.gc.ca/jobsearch/jobposting/49120370?source=searchresults
carpenter,TRIPLE STAR CONSTRUCTION LTD,Abbotsford (BC),$37.00 hourly,"May 12, 2026",https://www.jobbank.gc.ca/jobsearch/jobposting/49499086?source=searchresults
electrician,Credible Electric Ltd.,Surrey (BC),$35.00 hourly,"May 20, 2026",https://www.jobbank.gc.ca/jobsearch/jobposting/49552690?source=searchresults
drywall installer supervisor,13 13 (BC) Constructions Ltd,Surrey (BC),$38.00 hourly,"March 30, 2026",https://www.jobbank.gc.ca/jobsearch/jobposting/49197379?source=searchresults
carpenter,Mortise Construction Ltd.,Surrey (BC),$36.60 hourly,"April 28, 2026",https://www.jobbank.gc.ca/jobsearch/jobposting/49414576?source=searchresults
carpenter helper,Best Choice Form Rental Ltd.,Surrey (BC),$25.00 hourly,"March 23, 2026",https://www.jobbank.gc.ca/jobsearch/jobposting/49161671?source=searchresults
heavy equipment operator,URBAN EXCAVATOR SERVICES LTD.,Surrey (BC),$35.00 hourly,"May 19, 2026",https://www.jobbank.gc.ca/jobsearch/jobposting/49543350?source=searchresults
carpenter lead hand,Kimola Construction,Maple Ridge (BC),$44.00 hourly,"May 11, 2026",https://www.jobbank.gc.ca/jobsearch/jobposting/49491326?source=searchresults
roofer helper,Mack Kirk Industries Ltd,Langley (BC),$25.00 hourly,"February 19, 2026",https://www.jobbank.gc.ca/jobsearch/jobposting/48973458?source=searchresults
asphalt raker,Grandview Blacktop Ltd,Port Coquitlam (BC),$41.93 hourly,"March 19, 2026",https://www.jobbank.gc.ca/jobsearch/jobposting/49138719?source=searchresults
flagperson,District of West Vancouver,West Vancouver (BC),$25.84 hourly,"May 21, 2026",https://www.jobbank.gc.ca/jobsearch/jobposting/49556498?source=searchresults
electrician,ADEPT ELECTRICAL SERVICES LTD,Surrey (BC),$36.60 hourly,"May 20, 2026",https://www.jobbank.gc.ca/jobsearch/jobposting/49553155?source=searchresults
carpenter,WIZ Plus Properties Inc.,Kelowna (BC),$28.00 to $40.00 hourly,"June 02, 2026",https://www.jobbank.gc.ca/jobsearch/jobposting/49649388?source=searchresults
"painter, construction",Shala Painting & Restoration Ltd.,Surrey (BC),$36.60 to $38.60 hourly (to be negotiated),"May 08, 2026",https://www.jobbank.gc.ca/jobsearch/jobposting/49481530?source=searchresults
carpenter,Gorayaview Construction Ltd,Surrey (BC),$36.75 hourly,"April 27, 2026",https://www.jobbank.gc.ca/jobsearch/jobposting/49408870?source=searchresults
construction painter,Onyx Painting Ltd.,Surrey (BC),$37.00 hourly,"May 08, 2026",https://www.jobbank.gc.ca/jobsearch/jobposting/49481043?source=searchresults
concrete pump operator,Gulf Coast Materials,Salt Spring Island (BC),$36.00 to $38.00 hourly,"May 11, 2026",https://www.jobbank.gc.ca/jobsearch/jobposting/49491104?source=searchresults
carpenter supervisor,Ramiro Construction Ltd,Surrey (BC),$39.00 hourly,"March 24, 2026",https://www.jobbank.gc.ca/jobsearch/jobposting/49167847?source=searchresults
roofer helper,Four Corner Roofing Ltd.,Surrey (BC),$25.75 hourly,"April 09, 2026",https://www.jobbank.gc.ca/jobsearch/jobposting/49247384?source=searchresults
carpenter,True North Labour Inc.,Burnaby (BC),$36.75 hourly,"May 21, 2026",https://www.jobbank.gc.ca/jobsearch/jobposting/49558757?source=searchresults
civil engineering technician,Kadtec Systems,Vancouver (BC),$38.00 hourly,"March 24, 2026",https://www.jobbank.gc.ca/jobsearch/jobposting/49169251?source=searchresults
roofer helper,MDH Roofing Ltd.,Surrey (BC),$27.00 to $29.00 hourly (to be negotiated),"March 18, 2026",https://www.jobbank.gc.ca/jobsearch/jobposting/49131208?source=searchresults
carpenter,Jas Excavation Ltd,Surrey (BC),$36.60 hourly,"May 18, 2026",https://www.jobbank.gc.ca/jobsearch/jobposting/49538213?source=searchresults
painter,"Hey, It?s Dave! - Professional Painting Services",Vernon (BC),$25.00 to $35.00 hourly,"May 30, 2026",https://www.jobbank.gc.ca/jobsearch/jobposting/49616291?source=searchresults
"project engineer, construction",Capital Regional District,Victoria (BC),$62.61 hourly,"May 19, 2026",https://www.jobbank.gc.ca/jobsearch/jobposting/49545772?source=searchresults
building inspector,City of Coquitlam,Coquitlam (BC),"$126,625.00 annually","May 20, 2026",https://www.jobbank.gc.ca/jobsearch/jobposting/49551956?source=searchresults
carpenter,TOPLINE FRAMING LTD,Maple Ridge (BC),$37.00 hourly,"May 13, 2026",https://www.jobbank.gc.ca/jobsearch/jobposting/49503876?source=searchresults
carpenter,Jay & Ess Construction Ltd.,Surrey (BC),$36.75 hourly,"March 07, 2026",https://www.jobbank.gc.ca/jobsearch/jobposting/49062382?source=searchresults
residential painter,Alex Pro Homes Ltd.,Coquitlam (BC),$20.00 to $30.00 hourly,"May 11, 2026",https://www.jobbank.gc.ca/jobsearch/jobposting/49487875?source=searchresults
flagperson,Ultimate Traffic Solutions Inc,Langley (BC),$25.10 hourly,"April 18, 2026",https://www.jobbank.gc.ca/jobsearch/jobposting/49358055?source=searchresults
window and door service technician,STARLINE INSTALLATIONS LTD.,Surrey (BC),$27.00 hourly,"May 20, 2026",https://www.jobbank.gc.ca/jobsearch/jobposting/49550226?source=searchresults
construction carpenter,Anand Siding Ltd.,Surrey (BC),$36.65 hourly,"April 30, 2026",https://www.jobbank.gc.ca/jobsearch/jobposting/49430608?source=searchresults
"erector, scaffold",Westcan Scaffolding Inc.,New Westminster (BC),$32.56 hourly,"May 11, 2026",https://www.jobbank.gc.ca/jobsearch/jobposting/49494511?source=searchresults
construction helper,Sun City Framing,Abbotsford (BC),$23.00 hourly,"April 27, 2026",https://www.jobbank.gc.ca/jobsearch/jobposting/49407519?source=searchresults
construction carpenter,Sidh Siding Ltd.,Surrey (BC),$36.65 hourly,"April 27, 2026",https://www.jobbank.gc.ca/jobsearch/jobposting/49406171?source=searchresults
construction estimator,H.T. INDUSTRIES INC.,Surrey (BC),$41.00 hourly,"April 20, 2026",https://www.jobbank.gc.ca/jobsearch/jobposting/49367096?source=searchresults
carpenter,Kantasa Construction Ltd.,Surrey (BC),$36.60 hourly,"March 31, 2026",https://www.jobbank.gc.ca/jobsearch/jobposting/49421203?source=searchresults
carpenter,Seamount Construction Ltd.,Surrey (BC),$37.00 hourly,"March 05, 2026",https://www.jobbank.gc.ca/jobsearch/jobposting/49591528?source=searchresults
construction helper,Ekam Plumbing & Heating Ltd.,Langley (BC),$24.00 hourly,"April 13, 2026",https://www.jobbank.gc.ca/jobsearch/jobposting/49300479?source=searchresults
"estimator, construction",QUALITA PROPERTY SERVICES LTD,Burnaby (BC),$42.00 hourly,"March 30, 2026",https://www.jobbank.gc.ca/jobsearch/jobposting/49196863?source=searchresults
construction painter,Whytecliff Painting and Coating Ltd,Surrey (BC),$37.00 hourly,"March 20, 2026",https://www.jobbank.gc.ca/jobsearch/jobposting/49147461?source=searchresults
construction electrician,Ace Electric Ltd.,Surrey (BC),$36.60 hourly,"March 03, 2026",https://www.jobbank.gc.ca/jobsearch/jobposting/49036960?source=searchresults
"estimator, construction",NCS Fluid Handling Systems Inc.,Langley (BC),$40.40 to $42.24 hourly (to be negotiated),"February 26, 2026",https://www.jobbank.gc.ca/jobsearch/jobposting/49012403?source=searchresults
construction painter,PROVIDENCE PAINTING LTD,Kelowna (BC),$36.60 hourly,"February 12, 2026",https://www.jobbank.gc.ca/jobsearch/jobposting/49543340?source=searchresults
concrete forms carpenter,Meca Forming Inc.,Surrey (BC),$32.00 hourly,"May 19, 2026",https://www.jobbank.gc.ca/jobsearch/jobposting/49546337?source=searchresults
carpenter,MWH Contracting,Chilliwack (BC),$25.00 to $35.00 hourly,"May 20, 2026",https://www.jobbank.gc.ca/jobsearch/jobposting/49548576?source=searchresults
building maintenance supervisor,Versatile Building Maintainance,Maple Ridge (BC),$37.50 hourly,"May 25, 2026",https://www.jobbank.gc.ca/jobsearch/jobposting/49583442?source=searchresults
countertop installer,Iron horse outdoor services,Chilliwack (BC),$20.00 to $35.00 hourly,"June 06, 2026",https://www.jobbank.gc.ca/jobsearch/jobposting/49663903?source=searchresults
construction painters supervisor,Well Pro Painting Ltd.,Surrey (BC),$37.50 hourly,"May 14, 2026",https://www.jobbank.gc.ca/jobsearch/jobposting/49514844?source=searchresults
general construction supervisor,GDK DRYWALL LTD,Surrey (BC),$38.50 hourly,"May 14, 2026",https://www.jobbank.gc.ca/jobsearch/jobposting/49513932?source=searchresults
carpenter,SilverLine Exterior Solutions,Port Coquitlam (BC),$37.00 hourly,"May 19, 2026",https://www.jobbank.gc.ca/jobsearch/jobposting/49539328?source=searchresults
carpenter,Boas Construction Ltd.,Port Coquitlam (BC),$37.00 hourly,"April 17, 2026",https://www.jobbank.gc.ca/jobsearch/jobposting/49355597?source=searchresults
residential door installer,CNT construction. LTD,Langley (BC),$28.00 hourly,"April 17, 2026",https://www.jobbank.gc.ca/jobsearch/jobposting/49355238?source=searchresults
concrete forms carpenter,Harisar Construction Ltd,Surrey (BC),$32.00 hourly,"March 30, 2026",https://www.jobbank.gc.ca/jobsearch/jobposting/49197368?source=searchresults
ironworker helper,Pyramid Steel Ltd.,Surrey (BC),$26.00 hourly,"March 13, 2026",https://www.jobbank.gc.ca/jobsearch/jobposting/49102800?source=searchresults
heavy equipment operator,Habanero Landscape Solutions,Victoria (BC),$32.00 hourly,"March 10, 2026",https://www.jobbank.gc.ca/jobsearch/jobposting/49588734?source=searchresults
carpenter,S.H SIDING & ROOFING LTD,Surrey (BC),$31.50 hourly,"May 19, 2026",https://www.jobbank.gc.ca/jobsearch/jobposting/49545608?source=searchresults
"carpenter, concrete forms",Two Pillars Construction Ltd.,Surrey (BC),$32.00 to $36.60 hourly (to be negotiated),"March 18, 2026",https://www.jobbank.gc.ca/jobsearch/jobposting/49132648?source=searchresults
carpenter,"PR Pomeroy Restoration & Construction (BC) Inc,",Coquitlam (BC),$36.60 hourly,"March 20, 2026",https://www.jobbank.gc.ca/jobsearch/jobposting/49146728?source=searchresults
electrician,A-Z ELECTRICAL SERVICES LTD,Delta (BC),$36.60 hourly,"May 20, 2026",https://www.jobbank.gc.ca/jobsearch/jobposting/49553008?source=searchresults
carpenter,prokaso construction ltd,Surrey (BC),$30.00 hourly,"March 19, 2026",https://www.jobbank.gc.ca/jobsearch/jobposting/49139308?source=searchresults
general construction supervisor,DIAMONDCUT CUTTING AND CORING LTD.,Surrey (BC),$38.50 hourly,"May 13, 2026",https://www.jobbank.gc.ca/jobsearch/jobposting/49505412?source=searchresults
apprentice carpenter,Island Heights Construction Ltd.,Nanaimo (BC),$20.00 to $35.00 hourly (to be negotiated),"March 17, 2026",https://www.jobbank.gc.ca/jobsearch/jobposting/49127449?source=searchresults
roofers and shinglers supervisor,Mack Kirk Industries Ltd,Langley (BC),$37.50 hourly,"May 28, 2026",https://www.jobbank.gc.ca/jobsearch/jobposting/49608143?source=searchresults
carpenter,Spani Developments Ltd,Sechelt (BC),$30.00 to $35.00 hourly,"May 15, 2026",https://www.jobbank.gc.ca/jobsearch/jobposting/49521871?source=searchresults
carpenter,Shoesmith Construction Ltd.,Fernie (BC),$38.00 hourly,"March 27, 2026",https://www.jobbank.gc.ca/jobsearch/jobposting/49184493?source=searchresults
"carpenter, framing",Sungrove Construction Ltd.,Surrey (BC),$32.00 hourly,"March 05, 2026",https://www.jobbank.gc.ca/jobsearch/jobposting/49047900?source=searchresults
general supervisor - building construction,APCON CONSTRUCTION GROUP OF COMPANIES LTD.,Surrey (BC),$42.00 hourly,"March 25, 2026",https://www.jobbank.gc.ca/jobsearch/jobposting/49175230?source=searchresults
drywall sander,DREAM CATCHER DRYWALL LTD.,Surrey (BC),$25.75 hourly,"April 16, 2026",https://www.jobbank.gc.ca/jobsearch/jobposting/49346961?source=searchresults
window and door service technician,Centra Windows,Langley (BC),$27.00 to $29.00 hourly (to be negotiated),"March 27, 2026",https://www.jobbank.gc.ca/jobsearch/jobposting/49185848?source=searchresults
carpenter,Dhiman Finishing Carpentry Ltd,Surrey (BC),$37.00 hourly,"May 15, 2026",https://www.jobbank.gc.ca/jobsearch/jobposting/49524093?source=searchresults
concrete pump operator,Sams Concrete Company,Richmond (BC),$36.70 to $40.00 hourly (to be negotiated),"February 27, 2026",https://www.jobbank.gc.ca/jobsearch/jobposting/49017873?source=searchresults
carpenter,Sunrise Projects Ltd.,Burnaby (BC),$37.00 hourly,"February 20, 2026",https://www.jobbank.gc.ca/jobsearch/jobposting/48980911?source=searchresults
electrician,Lightning Voltage Electrical Ltd,Surrey (BC),$36.60 hourly,"February 09, 2026",https://www.jobbank.gc.ca/jobsearch/jobposting/49117482?source=searchresults
glazier,Sunco Glass Ltd.,Kelowna (BC),$20.00 to $45.00 hourly,"May 25, 2026",https://www.jobbank.gc.ca/jobsearch/jobposting/49583736?source=searchresults
civil engineering technician,District of Saanich,Saanich (BC),$51.28 hourly,"May 22, 2026",https://www.jobbank.gc.ca/jobsearch/jobposting/49566894?source=searchresults
carpenter,Quick Work Construction Ltd,Surrey (BC),$36.60 hourly,"April 26, 2026",https://www.jobbank.gc.ca/jobsearch/jobposting/49401547?source=searchresults
"installer, windows",maple drywall ltd,Surrey (BC),$37.00 hourly,"May 05, 2026",https://www.jobbank.gc.ca/jobsearch/jobposting/49458724?source=searchresults
carpenter,Island Heights Construction Ltd.,Nanaimo (BC),$20.00 to $35.00 hourly (to be negotiated),"March 17, 2026",https://www.jobbank.gc.ca/jobsearch/jobposting/49127448?source=searchresults
electrician,I Will Electric Ltd.,Delta (BC),$29.50 hourly,"April 14, 2026",https://www.jobbank.gc.ca/jobsearch/jobposting/49311817?source=searchresults
carpenter,RAPID ROLLER RECONSTRUCTION INC,Langford (BC),$36.60 hourly,"May 13, 2026",https://www.jobbank.gc.ca/jobsearch/jobposting/49505921?source=searchresults
siding installer,Awesome Drywall Ltd.,Surrey (BC),$28.10 hourly,"May 14, 2026",https://www.jobbank.gc.ca/jobsearch/jobposting/49514403?source=searchresults
electrician,Electrico Systems LTD,Surrey (BC),$36.60 hourly,"March 26, 2026",https://www.jobbank.gc.ca/jobsearch/jobposting/49179046?source=searchresults
civil engineering technologist,Township of Esquimalt,Esquimalt (BC),$40.11 hourly,"May 29, 2026",https://www.jobbank.gc.ca/jobsearch/jobposting/49611661?source=searchresults
"fabricator, metal",P.K. Metal Works,Surrey (BC),$37.00 hourly,"June 05, 2026",https://www.jobbank.gc.ca/jobsearch/jobposting/49661312?source=searchresults
apprentice carpenter,Timco Fine Carpentry,Powell River (BC),$32.00 hourly,"May 20, 2026",https://www.jobbank.gc.ca/jobsearch/jobposting/49552353?source=searchresults
electrician,Peak Electric ltd,Whistler (BC),$40.00 to $45.00 hourly (to be negotiated),"May 07, 2026",https://www.jobbank.gc.ca/jobsearch/jobposting/49478424?source=searchresults
carpenter,Swarn Construction Inc.,Delta (BC),$37.80 hourly,"April 24, 2026",https://www.jobbank.gc.ca/jobsearch/jobposting/49394393?source=searchresults
building maintenance supervisor,Versatile Building Maintenance,Maple Ridge (BC),$37.50 hourly,"May 20, 2026",https://www.jobbank.gc.ca/jobsearch/jobposting/49550240?source=searchresults
civil engineering design technologist,Westridge Engineering & Consulting Ltd,Surrey (BC),$45.75 hourly,"April 06, 2026",https://www.jobbank.gc.ca/jobsearch/jobposting/49228942?source=searchresults
carpenter lead hand,POLAR EXTERIOR INC.,Port Coquitlam (BC),$37.00 hourly,"March 13, 2026",https://www.jobbank.gc.ca/jobsearch/jobposting/49103874?source=searchresults
carpenter,Northstone Concrete,Chilliwack (BC),$30.00 to $35.00 hourly,"June 05, 2026",https://www.jobbank.gc.ca/jobsearch/jobposting/49660916?source=searchresults
construction general manager,WESPAC MECHANICAL LTD.,Delta (BC),$58.00 hourly,"May 08, 2026",https://www.jobbank.gc.ca/jobsearch/jobposting/49492766?source=searchresults
civil engineering technician,KEYPLAN Measuring Inc.,Surrey (BC),$38.00 hourly,"March 26, 2026",https://www.jobbank.gc.ca/jobsearch/jobposting/49180699?source=searchresults
electrician,Rising Edge Group,Kelowna (BC),$47.43 hourly,"May 23, 2026",https://www.jobbank.gc.ca/jobsearch/jobposting/49647487?source=searchresults
electrician,Rising Edge Group,Kamloops (BC),$47.43 hourly,"May 23, 2026",https://www.jobbank.gc.ca/jobsearch/jobposting/49648071?source=searchresults
electrician,Rising Edge Group,Terrace (BC),$47.43 hourly,"May 23, 2026",https://www.jobbank.gc.ca/jobsearch/jobposting/49648124?source=searchresults
electrician,Rising Edge Group,Cranbrook (BC),$47.43 hourly,"May 23, 2026",https://www.jobbank.gc.ca/jobsearch/jobposting/49648329?source=searchresults
electrician,Rising Edge Group,Prince George (BC),$47.43 hourly,"May 23, 2026",https://www.jobbank.gc.ca/jobsearch/jobposting/49648401?source=searchresults
electrician,Rising Edge Group,Prince George (BC),$47.43 hourly,"May 23, 2026",https://www.jobbank.gc.ca/jobsearch/jobposting/49648449?source=searchresults
electrician,Rising Edge Group,Terrace (BC),$47.43 hourly,"May 23, 2026",https://www.jobbank.gc.ca/jobsearch/jobposting/49648459?source=searchresults
electrician,Rising Edge Group,Kelowna (BC),$47.43 hourly,"May 23, 2026",https://www.jobbank.gc.ca/jobsearch/jobposting/49648604?source=searchresults
electrician,Rising Edge Group,Cranbrook (BC),$47.43 hourly,"May 23, 2026",https://www.jobbank.gc.ca/jobsearch/jobposting/49648650?source=searchresults
electrician,Rising Edge Group,Fort St. John (BC),$47.43 hourly,"May 23, 2026",https://www.jobbank.gc.ca/jobsearch/jobposting/49648659?source=searchresults
electrician,Rising Edge Group,Kamloops (BC),$47.43 hourly,"May 23, 2026",https://www.jobbank.gc.ca/jobsearch/jobposting/49648740?source=searchresults
electrician,Rising Edge Group,Fort St. John (BC),$47.43 hourly,"May 23, 2026",https://www.jobbank.gc.ca/jobsearch/jobposting/49648775?source=searchresults
excavation labourer,A & A EXCAVATING LTD.,Burnaby (BC),$22.00 to $29.92 hourly (to be negotiated),"May 15, 2026",https://www.jobbank.gc.ca/jobsearch/jobposting/49519778?source=searchresults
heavy equipment operator,Aldridge Stone Ltd.,Cranbrook (BC),$30.00 to $35.00 hourly,"May 29, 2026",https://www.jobbank.gc.ca/jobsearch/jobposting/49611855?source=searchresults
siding installer,Elite M&D Homes Ltd,Surrey (BC),$28.00 hourly,"April 24, 2026",https://www.jobbank.gc.ca/jobsearch/jobposting/49395567?source=searchresults
carpenter,Singh Framing Ltd.,Chilliwack (BC),$36.60 hourly,"March 09, 2026",https://www.jobbank.gc.ca/jobsearch/jobposting/49074127?source=searchresults
painter,Empress Painting Ltd,Victoria (BC),$20.00 to $30.00 hourly,"May 20, 2026",https://www.jobbank.gc.ca/jobsearch/jobposting/49553232?source=searchresults
carpenter,Wander Homes & Consulting Ltd,Surrey (BC),$36.70 hourly,"May 21, 2026",https://www.jobbank.gc.ca/jobsearch/jobposting/49557286?source=searchresults
"project manager, construction",Village of Cumberland,Cumberland (BC),"$90,000.00 annually","May 15, 2026",https://www.jobbank.gc.ca/jobsearch/jobposting/49520848?source=searchresults
plumber helper,Mainland Plumbing and Heating Ltd,Coquitlam (BC),$25.00 hourly,"March 31, 2026",https://www.jobbank.gc.ca/jobsearch/jobposting/49198936?source=searchresults
carpenter,Manj Drywall Services,Surrey (BC),$32.25 hourly,"May 15, 2026",https://www.jobbank.gc.ca/jobsearch/jobposting/49523158?source=searchresults
carpenter,GREAT MANN CONSTRUCTION LTD,Delta (BC),$28.85 to $31.00 hourly (to be negotiated),"April 01, 2026",https://www.jobbank.gc.ca/jobsearch/jobposting/49206320?source=searchresults
general construction labourer,Sierra Stone Kootenays,Cranbrook (BC),$27.49 hourly,"May 18, 2026",https://www.jobbank.gc.ca/jobsearch/jobposting/49540407?source=searchresults
construction painters supervisor,Daizen Joinery Ltd.,Kamloops (BC),$37.50 hourly,"May 06, 2026",https://www.jobbank.gc.ca/jobsearch/jobposting/49465570?source=searchresults
electrician,Sunset Electric Ltd,Vancouver (BC),$45.00 hourly,"April 02, 2026",https://www.jobbank.gc.ca/jobsearch/jobposting/49211283?source=searchresults
framer-carpenter,R.S.D FRAMING & FORMING LTD.,Surrey (BC),$36.65 hourly,"May 09, 2026",https://www.jobbank.gc.ca/jobsearch/jobposting/49494191?source=searchresults
drywall installer supervisor,BHANDAL CONTRACTORS (2011) INC,Vancouver (BC),$37.50 hourly,"May 13, 2026",https://www.jobbank.gc.ca/jobsearch/jobposting/49505418?source=searchresults
carpenter,Bassi Brothers Framing (2011) Ltd.,Surrey (BC),$37.50 hourly,"May 06, 2026",https://www.jobbank.gc.ca/jobsearch/jobposting/49469859?source=searchresults
framing carpenter,M.V.R. CONSTRUCTION LTD.,Abbotsford (BC),$42.00 hourly,"March 02, 2026",https://www.jobbank.gc.ca/jobsearch/jobposting/49030446?source=searchresults
steel framer - carpentry,Feedback Construction Ltd,New Westminster (BC),$37.00 hourly,"March 02, 2026",https://www.jobbank.gc.ca/jobsearch/jobposting/49029876?source=searchresults
residential construction supervisor,NOOR CONTRUCTION INC,Nanaimo (BC),$40.25 hourly,"May 04, 2026",https://www.jobbank.gc.ca/jobsearch/jobposting/49451413?source=searchresults
millwright,Goldwood,Richmond (BC),$36.00 to $46.54 hourly (to be negotiated),"March 04, 2026",https://www.jobbank.gc.ca/jobsearch/jobposting/49043420?source=searchresults
carpenter helper,Nuframe Group,Surrey (BC),$25.00 hourly,"May 09, 2026",https://www.jobbank.gc.ca/jobsearch/jobposting/49575126?source=searchresults
plumber helper,Canadian Plumbing Systems,Port Coquitlam (BC),$27.00 hourly,"May 08, 2026",https://www.jobbank.gc.ca/jobsearch/jobposting/49492692?source=searchresults
pipelayer,City of Kelowna,Kelowna (BC),$36.33 hourly,"May 15, 2026",https://www.jobbank.gc.ca/jobsearch/jobposting/49521317?source=searchresults
wiring electrician,G N Electric Ltd.,Delta (BC),$36.60 hourly,"April 29, 2026",https://www.jobbank.gc.ca/jobsearch/jobposting/49422404?source=searchresults
painters and decorators supervisor,Osorto's Painting,Maple Ridge (BC),$37.50 hourly,"April 29, 2026",https://www.jobbank.gc.ca/jobsearch/jobposting/49417481?source=searchresults
form carpenter,Moba Contracting Ltd.,Burnaby (BC),$36.60 hourly,"March 18, 2026",https://www.jobbank.gc.ca/jobsearch/jobposting/49132656?source=searchresults
carpenter,Aspen Sundecks,Coquitlam (BC),$40.00 hourly,"February 13, 2026",https://www.jobbank.gc.ca/jobsearch/jobposting/48940906?source=searchresults
building inspector,District of Sechelt,Sechelt (BC),$42.22 hourly,"June 05, 2026",https://www.jobbank.gc.ca/jobsearch/jobposting/49659560?source=searchresults
civil engineering technician,City of Kamloops,Kamloops (BC),$50.45 hourly,"June 05, 2026",https://www.jobbank.gc.ca/jobsearch/jobposting/49659571?source=searchresults
construction painters supervisor,XYZ Painting,Delta (BC),$32.00 hourly,"April 24, 2026",https://www.jobbank.gc.ca/jobsearch/jobposting/49394749?source=searchresults
project executive – construction,XYZ Painting,Delta (BC),$51.28 hourly,"April 24, 2026",https://www.jobbank.gc.ca/jobsearch/jobposting/49394756?source=searchresults
construction painters supervisor,Circle Restoration,Burnaby (BC),$37.50 hourly,"April 24, 2026",https://www.jobbank.gc.ca/jobsearch/jobposting/49394392?source=searchresults
Construction site supervisor,Umbrella Property Services,Vancouver (BC),$37.50 hourly,"April 24, 2026",https://www.jobbank.gc.ca/jobsearch/jobposting/49394396?source=searchresults
general construction supervisor,Star Eagle Drywall Ltd.,Surrey (BC),$41.50 hourly,"April 13, 2026",https://www.jobbank.gc.ca/jobsearch/jobposting/49305130?source=searchresults
construction painters supervisor,TULEK ENTERPRISES LTD,Coquitlam (BC),$37.50 hourly,"April 11, 2026",https://www.jobbank.gc.ca/jobsearch/jobposting/49291258?source=searchresults
general construction supervisor,NEW DREAM LANDSCAPING LTD.,Surrey (BC),$37.50 hourly,"April 10, 2026",https://www.jobbank.gc.ca/jobsearch/jobposting/49268453?source=searchresults
general construction supervisor,Excellence Excavating Ltd,Surrey (BC),$41.00 hourly,"April 09, 2026",https://www.jobbank.gc.ca/jobsearch/jobposting/49250131?source=searchresults
construction general manager,Active Fire & Safety Services Ltd.,Surrey (BC),"$102,000.00 annually","April 02, 2026",https://www.jobbank.gc.ca/jobsearch/jobposting/49211624?source=searchresults
construction painters supervisor,Westridge Painting & Coating Ltd,Surrey (BC),$36.70 hourly,"March 20, 2026",https://www.jobbank.gc.ca/jobsearch/jobposting/49145681?source=searchresults
Construction site supervisor,Must' Art Interior,Port Coquitlam (BC),$37.50 hourly,"March 19, 2026",https://www.jobbank.gc.ca/jobsearch/jobposting/49136008?source=searchresults
construction painters supervisor,Loba Solutions Ltd,Burnaby (BC),$36.00 to $38.00 hourly (to be negotiated),"March 18, 2026",https://www.jobbank.gc.ca/jobsearch/jobposting/49132713?source=searchresults
construction painters supervisor,New York Painting and coating ltd.,Surrey (BC),$38.00 hourly,"March 13, 2026",https://www.jobbank.gc.ca/jobsearch/jobposting/49504238?source=searchresults
general construction supervisor,Hurricane Rebar & Waterproofing Ltd,Surrey (BC),$36.65 hourly,"March 13, 2026",https://www.jobbank.gc.ca/jobsearch/jobposting/49104467?source=searchresults
painting supervisor - construction,NEOD Contracting ltd.,Vancouver (BC),$37.50 hourly,"March 03, 2026",https://www.jobbank.gc.ca/jobsearch/jobposting/49036599?source=searchresults
cost estimator - construction,Hayer Demolition Ltd,Richmond (BC),"$80,000.00 annually","March 02, 2026",https://www.jobbank.gc.ca/jobsearch/jobposting/49434692?source=searchresults
Construction site supervisor,Shoreline Excavations Ltd.,Surrey (BC),$37.00 hourly,"February 25, 2026",https://www.jobbank.gc.ca/jobsearch/jobposting/49004825?source=searchresults
construction electrician helper,PTRS Painting Ltd,Port Coquitlam (BC),$25.00 to $38.00 hourly (to be negotiated),"February 21, 2026",https://www.jobbank.gc.ca/jobsearch/jobposting/48985002?source=searchresults
construction labourer and helper,A&D Coastal Plumbing and Heating Inc.,Maple Ridge (BC),$29.00 hourly,"February 20, 2026",https://www.jobbank.gc.ca/jobsearch/jobposting/48979664?source=searchresults
Construction site supervisor,Kore Irrigation,Surrey (BC),$37.50 hourly,"February 17, 2026",https://www.jobbank.gc.ca/jobsearch/jobposting/49476115?source=searchresults
residential construction supervisor,OG ENTERPRISE LTD.,Abbotsford (BC),$39.00 hourly,"February 16, 2026",https://www.jobbank.gc.ca/jobsearch/jobposting/48953699?source=searchresults
carpenter,CARION CONSTRUCTION LTD,Delta (BC),$32.12 hourly,"April 06, 2026",https://www.jobbank.gc.ca/jobsearch/jobposting/49228248?source=searchresults
carpenter,Kelowna Finish Carpentry Inc.,Kelowna (BC),$36.60 hourly,"May 22, 2026",https://www.jobbank.gc.ca/jobsearch/jobposting/49566501?source=searchresults
carpenter,SUPERLATIVE DEVELOPMENTZ LTD.,Surrey (BC),$36.60 hourly,"March 03, 2026",https://www.jobbank.gc.ca/jobsearch/jobposting/49036121?source=searchresults
civil engineering technologist,City of Courtenay,Courtenay (BC),$40.33 hourly,"May 28, 2026",https://www.jobbank.gc.ca/jobsearch/jobposting/49605575?source=searchresults
siding installer,Pinewood Construction Ltd,Surrey (BC),$27.00 hourly,"June 04, 2026",https://www.jobbank.gc.ca/jobsearch/jobposting/49655468?source=searchresults
carpenter,JJ Construction,Surrey (BC),$37.00 hourly,"June 04, 2026",https://www.jobbank.gc.ca/jobsearch/jobposting/49655569?source=searchresults
framer-carpenter,BARAICH CONSTRUCTION LTD.,Surrey (BC),$37.00 hourly,"June 04, 2026",https://www.jobbank.gc.ca/jobsearch/jobposting/49655610?source=searchresults
carpenter,Endline constructions Ltd,Surrey (BC),$37.00 hourly,"June 04, 2026",https://www.jobbank.gc.ca/jobsearch/jobposting/49652879?source=searchresults
"foreman/woman, finish carpenters",Mercroft Construction Ltd.,Port Coquitlam (BC),$38.00 to $43.00 hourly (to be negotiated),"June 04, 2026",https://www.jobbank.gc.ca/jobsearch/jobposting/49650568?source=searchresults
carpenter,AKAY CONSTRUCTION LTD,Abbotsford (BC),$37.00 hourly,"June 04, 2026",https://www.jobbank.gc.ca/jobsearch/jobposting/49649979?source=searchresults
carpenter,VA Pro Exterior,Burnaby (BC),$38.00 hourly,"March 18, 2026",https://www.jobbank.gc.ca/jobsearch/jobposting/49132283?source=searchresults
painters and decorators supervisor,Vanta Pacific Development Corp,Sechelt (BC),$37.50 hourly,"March 10, 2026",https://www.jobbank.gc.ca/jobsearch/jobposting/49083266?source=searchresults
electrician,fourteen electrical ltd,Surrey (BC),$37.00 hourly,"February 26, 2026",https://www.jobbank.gc.ca/jobsearch/jobposting/49013418?source=searchresults
plastering supervisor,Next Zen Stucco Ltd.,Surrey (BC),$37.75 hourly,"February 14, 2026",https://www.jobbank.gc.ca/jobsearch/jobposting/48946535?source=searchresults
steel stud framer - carpentry,Touchstar Construction Ltd.,Surrey (BC),$36.60 hourly,"June 03, 2026",https://www.jobbank.gc.ca/jobsearch/jobposting/49645309?source=searchresults
carpenter,Echelon Exteriors,Campbell River (BC),$36.60 hourly,"May 08, 2026",https://www.jobbank.gc.ca/jobsearch/jobposting/49493050?source=searchresults
carpenter,Intense Interior Ltd,Abbotsford (BC),$38.60 hourly,"May 12, 2026",https://www.jobbank.gc.ca/jobsearch/jobposting/49496372?source=searchresults
carpenter,LA Contracting ltd.,Delta (BC),$25.00 to $31.50 hourly (to be negotiated),"April 07, 2026",https://www.jobbank.gc.ca/jobsearch/jobposting/49233753?source=searchresults
steel stud framer - carpentry,Righton Construction Ltd,Surrey (BC),$36.60 hourly,"June 02, 2026",https://www.jobbank.gc.ca/jobsearch/jobposting/49637480?source=searchresults
"CEO (chief executive officer) - goods production, utilities, transportation and construction",FCS Can,Delta (BC),$57.71 hourly,"March 16, 2026",https://www.jobbank.gc.ca/jobsearch/jobposting/49588137?source=searchresults
pipelayer operator,Accord Contracting,Aldergrove (BC),$37.00 hourly,"May 09, 2026",https://www.jobbank.gc.ca/jobsearch/jobposting/49494176?source=searchresults
electrician,City of Vancouver,Vancouver (BC),$48.61 hourly,"May 29, 2026",https://www.jobbank.gc.ca/jobsearch/jobposting/49612473?source=searchresults
carpenter,Edge Vancouver Construction Group Ltd.,Vancouver (BC),$37.00 hourly,"April 13, 2026",https://www.jobbank.gc.ca/jobsearch/jobposting/49299555?source=searchresults
carpenter,Bath & Gill Construction Company,Abbotsford (BC),$36.60 hourly,"March 02, 2026",https://www.jobbank.gc.ca/jobsearch/jobposting/49031231?source=searchresults
carpenter,MN FRAMING LTD.,Vancouver (BC),$37.00 hourly,"May 07, 2026",https://www.jobbank.gc.ca/jobsearch/jobposting/49478847?source=searchresults
carpenter,IK ONKAR ENTERPRISE LTD.,Kelowna (BC),$36.60 hourly,"May 07, 2026",https://www.jobbank.gc.ca/jobsearch/jobposting/49478427?source=searchresults
metal fabricator,City of Vancouver,Vancouver (BC),$48.61 hourly,"May 29, 2026",https://www.jobbank.gc.ca/jobsearch/jobposting/49610822?source=searchresults
carpenter,SSB Enterprises Ltd.,Surrey (BC),$37.00 hourly,"April 01, 2026",https://www.jobbank.gc.ca/jobsearch/jobposting/49206036?source=searchresults
carpenter,A & I Enterprises Ltd.,Surrey (BC),$37.00 hourly,"March 31, 2026",https://www.jobbank.gc.ca/jobsearch/jobposting/49200021?source=searchresults
kitchen cabinet installer,Crystal Kitchens Ltd.,Surrey (BC),$36.60 hourly,"March 10, 2026",https://www.jobbank.gc.ca/jobsearch/jobposting/49081462?source=searchresults
carpenter,Grandt Contracting LTD,Kelowna (BC),$31.25 hourly,"March 05, 2026",https://www.jobbank.gc.ca/jobsearch/jobposting/49048972?source=searchresults
carpenter supervisor,Kans Exteriors Ltd,Maple Ridge (BC),$38.00 hourly,"February 12, 2026",https://www.jobbank.gc.ca/jobsearch/jobposting/48935888?source=searchresults
painter,Greenzpainting,Victoria (BC),$24.00 to $35.00 hourly,"May 13, 2026",https://www.jobbank.gc.ca/jobsearch/jobposting/49507520?source=searchresults
carpenter,NK Construction Ltd.,Surrey (BC),$25.00 hourly,"May 30, 2026",https://www.jobbank.gc.ca/jobsearch/jobposting/49618601?source=searchresults
carpenter,Advanced Framing Solutions Ltd.,Maple Ridge (BC),$28.00 hourly,"May 12, 2026",https://www.jobbank.gc.ca/jobsearch/jobposting/49498302?source=searchresults
carpenter,Try Angle Siding Ltd,Surrey (BC),$30.00 hourly,"March 18, 2026",https://www.jobbank.gc.ca/jobsearch/jobposting/49134879?source=searchresults
carpenter,4MAU CARPENTRY LTD.,Surrey (BC),$31.50 hourly,"February 26, 2026",https://www.jobbank.gc.ca/jobsearch/jobposting/49010944?source=searchresults
framer-carpenter,Emm Tee Construction Ltd.,Surrey (BC),$32.00 to $38.00 hourly (to be negotiated),"April 08, 2026",https://www.jobbank.gc.ca/jobsearch/jobposting/49514269?source=searchresults
carpenter,Canamex Staffing West Coast,Surrey (BC),$37.00 hourly,"May 13, 2026",https://www.jobbank.gc.ca/jobsearch/jobposting/49507125?source=searchresults
heavy equipment operator,PSI Concrete Pumping,Abbotsford (BC),$36.75 hourly,"February 27, 2026",https://www.jobbank.gc.ca/jobsearch/jobposting/49017026?source=searchresults
steel stud framer - carpentry,TOWNSCAPE CONTRACTING LTD.,Surrey (BC),$37.00 hourly,"April 27, 2026",https://www.jobbank.gc.ca/jobsearch/jobposting/49407085?source=searchresults
carpenter,REDFLY CONSTRUCTION LTD.,Surrey (BC),$30.00 to $37.00 hourly (to be negotiated),"May 29, 2026",https://www.jobbank.gc.ca/jobsearch/jobposting/49610216?source=searchresults
carpenter,Nanak's Industries Ltd.,Surrey (BC),$37.00 hourly,"March 28, 2026",https://www.jobbank.gc.ca/jobsearch/jobposting/49187622?source=searchresults
framer-carpenter,SR 71 CONSTRUCTION LTD.,Surrey (BC),$36.75 hourly,"June 07, 2026",https://www.jobbank.gc.ca/jobsearch/jobposting/49665645?source=searchresults
carpenter,Essence Properties (1) Inc.,Surrey (BC),$37.00 hourly,"May 06, 2026",https://www.jobbank.gc.ca/jobsearch/jobposting/49468415?source=searchresults
industrial mechanic,CGC Inc.,Aldergrove (BC),$35.00 to $42.00 hourly,"May 29, 2026",https://www.jobbank.gc.ca/jobsearch/jobposting/49613342?source=searchresults
drywall installer supervisor,anand isher construction ltd,Delta (BC),$40.00 hourly,"June 05, 2026",https://www.jobbank.gc.ca/jobsearch/jobposting/49659107?source=searchresults
framing carpenter,FRAME GAME CONSTRUCTION LTD.,Surrey (BC),$37.00 hourly,"June 05, 2026",https://www.jobbank.gc.ca/jobsearch/jobposting/49659091?source=searchresults
carpenter,BLUE STAR SIDING LTD.,Surrey (BC),$37.00 hourly,"April 28, 2026",https://www.jobbank.gc.ca/jobsearch/jobposting/49416436?source=searchresults
carpenter,Sarbloh Exteriors Ltd.,Delta (BC),$37.00 hourly,"April 28, 2026",https://www.jobbank.gc.ca/jobsearch/jobposting/49416421?source=searchresults
carpenter,KSS Drywall and Construction Ltd.,Surrey (BC),$36.60 hourly,"June 03, 2026",https://www.jobbank.gc.ca/jobsearch/jobposting/49645350?source=searchresults
painter,KSS Drywall and Construction Ltd.,Surrey (BC),$28.00 hourly,"June 03, 2026",https://www.jobbank.gc.ca/jobsearch/jobposting/49645334?source=searchresults
carpenter,Tru Men Constructions Ltd.,Surrey (BC),$36.60 hourly,"June 03, 2026",https://www.jobbank.gc.ca/jobsearch/jobposting/49644598?source=searchresults
carpenter,FRASER FRAMING,Vancouver (BC),$37.00 hourly,"May 05, 2026",https://www.jobbank.gc.ca/jobsearch/jobposting/49460189?source=searchresults
waterproofing foreman/woman,Pacific Waterproofing Ltd.,Burnaby (BC),$37.50 hourly,"April 15, 2026",https://www.jobbank.gc.ca/jobsearch/jobposting/49336134?source=searchresults
carpenter supervisor,JKWG Development Inc.,Coquitlam (BC),$38.00 hourly,"April 01, 2026",https://www.jobbank.gc.ca/jobsearch/jobposting/49207207?source=searchresults
framer-carpenter,PB13 Framing Ltd.,Kelowna (BC),$36.65 hourly,"March 11, 2026",https://www.jobbank.gc.ca/jobsearch/jobposting/49086468?source=searchresults
drywall installer supervisor,Tri T Wall and Ceiling Ltd,Delta (BC),$37.50 hourly,"March 02, 2026",https://www.jobbank.gc.ca/jobsearch/jobposting/49478724?source=searchresults
framer-carpenter,MNG Builders Inc.,West Vancouver (BC),$32.50 hourly,"February 28, 2026",https://www.jobbank.gc.ca/jobsearch/jobposting/49023531?source=searchresults
framer-carpenter,Mudmates Construction Ltd.,Kelowna (BC),$25.00 hourly,"May 27, 2026",https://www.jobbank.gc.ca/jobsearch/jobposting/49599837?source=searchresults
electrician,NEW TARGET ELECTRICAL LTD,Surrey (BC),$36.25 hourly,"March 20, 2026",https://www.jobbank.gc.ca/jobsearch/jobposting/49146404?source=searchresults
carpenter,A & J Sekhon Construction Ltd,Surrey (BC),$37.00 hourly,"June 01, 2026",https://www.jobbank.gc.ca/jobsearch/jobposting/49629846?source=searchresults
excavator operator,K&D Contracting Ltd,Campbell River (BC),$42.96 to $44.47 hourly,"May 14, 2026",https://www.jobbank.gc.ca/jobsearch/jobposting/49513889?source=searchresults
carpenter,Hefty Construction Ltd.,Victoria (BC),$32.00 hourly,"May 27, 2026",https://www.jobbank.gc.ca/jobsearch/jobposting/49597321?source=searchresults
painter,Hefty Construction Ltd.,Victoria (BC),$30.00 hourly,"May 27, 2026",https://www.jobbank.gc.ca/jobsearch/jobposting/49597320?source=searchresults
painter,Gordon 'N' Gordon Interiors,Cowichan Station (BC),$18.00 to $30.00 hourly,"May 12, 2026",https://www.jobbank.gc.ca/jobsearch/jobposting/49501659?source=searchresults
"mechanic helper, air conditioning",Frosty Refrigeration and Air Conditioning,Prince Rupert (BC),$26.50 hourly,"April 24, 2026",https://www.jobbank.gc.ca/jobsearch/jobposting/49394343?source=searchresults
wood frame carpenter,Heredia Builder Company Inc.,Mill Bay (BC),$32.00 hourly,"April 07, 2026",https://www.jobbank.gc.ca/jobsearch/jobposting/49233442?source=searchresults
finish carpenter,Kans Exteriors Ltd,Maple Ridge (BC),$37.00 hourly,"March 23, 2026",https://www.jobbank.gc.ca/jobsearch/jobposting/49162600?source=searchresults
carpenter,RK Blossom Drywall Ltd.,Surrey (BC),$31.50 hourly,"March 06, 2026",https://www.jobbank.gc.ca/jobsearch/jobposting/49058463?source=searchresults
form carpenter,Empirica Infrastructure Inc.,Burnaby (BC),$36.60 hourly,"March 05, 2026",https://www.jobbank.gc.ca/jobsearch/jobposting/49541511?source=searchresults
framer-carpenter,shri guru nanak construction ltd,Surrey (BC),$36.60 hourly,"June 04, 2026",https://www.jobbank.gc.ca/jobsearch/jobposting/49651210?source=searchresults
"shipwright, metal",Commodore's Boats Ltd.,Richmond (BC),$37.00 to $40.00 hourly (to be negotiated),"April 30, 2026",https://www.jobbank.gc.ca/jobsearch/jobposting/49428950?source=searchresults
framer-carpenter,Gur Seva Construction Ltd,Victoria (BC),$32.00 hourly,"May 28, 2026",https://www.jobbank.gc.ca/jobsearch/jobposting/49605473?source=searchresults
electrician,Electro electric ltd,Surrey (BC),$22.94 to $39.91 hourly,"May 10, 2026",https://www.jobbank.gc.ca/jobsearch/jobposting/49486748?source=searchresults
carpenter,Macropus Homes,Victoria (BC),$37.00 hourly,"April 28, 2026",https://www.jobbank.gc.ca/jobsearch/jobposting/49550015?source=searchresults
carpenter,CAMBRIDGE WORKFORCE INC.,Surrey (BC),$36.60 hourly,"May 05, 2026",https://www.jobbank.gc.ca/jobsearch/jobposting/49459700?source=searchresults
carpenter,Wescraft Properties Ltd.,Langley (BC),$37.00 to $45.00 hourly (to be negotiated),"May 16, 2026",https://www.jobbank.gc.ca/jobsearch/jobposting/49529026?source=searchresults
carpenter supervisor,Saab Framing Ltd.,Surrey (BC),$38.00 hourly,"April 20, 2026",https://www.jobbank.gc.ca/jobsearch/jobposting/49369159?source=searchresults
Renovation manager,Floormafia Home Renovation Ltd.,New Westminster (BC),$39.00 hourly,"March 19, 2026",https://www.jobbank.gc.ca/jobsearch/jobposting/49495937?source=searchresults
carpenter supervisor,Meca Forming Inc.,Surrey (BC),$38.00 hourly,"March 09, 2026",https://www.jobbank.gc.ca/jobsearch/jobposting/49074627?source=searchresults
carpenter,Crystal Kitchens Ltd.,Surrey (BC),$37.00 hourly,"March 02, 2026",https://www.jobbank.gc.ca/jobsearch/jobposting/49030481?source=searchresults
appliance installation supervisor,Prime Appliances,Langley (BC),$42.25 hourly,"May 04, 2026",https://www.jobbank.gc.ca/jobsearch/jobposting/49453351?source=searchresults
civil engineering technologist,CIMA+,Vancouver (BC),"$75,000.00 to $83,160.00 annually (to be negotiated)","April 21, 2026",https://www.jobbank.gc.ca/jobsearch/jobposting/49376505?source=searchresults
electrician,Mazzei Electric,Victoria (BC),$38.00 hourly,"May 27, 2026",https://www.jobbank.gc.ca/jobsearch/jobposting/49600232?source=searchresults
apprentice carpenter,Northern Tropic Homes,Victoria (BC),$22.00 to $30.00 hourly,"May 22, 2026",https://www.jobbank.gc.ca/jobsearch/jobposting/49564905?source=searchresults
"carpenter, houses",A & P Framing,Surrey (BC),$36.00 hourly,"May 11, 2026",https://www.jobbank.gc.ca/jobsearch/jobposting/49494775?source=searchresults
general supervisor - building construction,Concretek Contractors Ltd.,Rosedale (BC),$38.00 to $39.00 hourly (to be negotiated),"March 18, 2026",https://www.jobbank.gc.ca/jobsearch/jobposting/49132666?source=searchresults
bricklayer supervisor,Van den Kerkhof & Son Masonry Ltd.,Richmond (BC),$37.50 hourly,"April 28, 2026",https://www.jobbank.gc.ca/jobsearch/jobposting/49416634?source=searchresults
carpenter,SEA TO SKY PRECISION CONSTRUCTION LTD,Burnaby (BC),$37.00 hourly,"May 29, 2026",https://www.jobbank.gc.ca/jobsearch/jobposting/49613059?source=searchresults
carpenter,Elite M&D Homes Ltd,Surrey (BC),$36.60 hourly,"April 24, 2026",https://www.jobbank.gc.ca/jobsearch/jobposting/49395568?source=searchresults
waterproofers foreman/woman,Bio-Blast Canada,Coquitlam (BC),$37.50 hourly,"April 17, 2026",https://www.jobbank.gc.ca/jobsearch/jobposting/49355707?source=searchresults
carpenter,ALPHA ONE DRYWALL LTD,Kelowna (BC),$36.70 hourly,"March 24, 2026",https://www.jobbank.gc.ca/jobsearch/jobposting/49166207?source=searchresults
electrician,Superb Electric,North Vancouver (BC),$36.75 hourly,"March 02, 2026",https://www.jobbank.gc.ca/jobsearch/jobposting/49589837?source=searchresults
carpenter,DESTINY 05 CONSTRUCTION INC,Kelowna (BC),$37.00 hourly,"May 28, 2026",https://www.jobbank.gc.ca/jobsearch/jobposting/49606477?source=searchresults
carpenter-joiner,Dentara Cabinets Ltd.,Abbotsford (BC),$37.00 hourly,"May 14, 2026",https://www.jobbank.gc.ca/jobsearch/jobposting/49513745?source=searchresults
carpenter,Blueprint Concept Corp.,Victoria (BC),$37.50 hourly,"May 14, 2026",https://www.jobbank.gc.ca/jobsearch/jobposting/49513140?source=searchresults
floor covering foreman/woman,System One Floor Solutions Inc,Langley (BC),"$78,000.00 annually","May 08, 2026",https://www.jobbank.gc.ca/jobsearch/jobposting/49492764?source=searchresults
carpenter,Wescor Contracting Ltd.,Victoria (BC),$38.00 hourly,"May 01, 2026",https://www.jobbank.gc.ca/jobsearch/jobposting/49430820?source=searchresults
carpenter,PAMIA CONSTRUCTION LTD.,Surrey (BC),$36.60 hourly,"April 17, 2026",https://www.jobbank.gc.ca/jobsearch/jobposting/49356228?source=searchresults
carpenter,ACME PROP SHOP Ltd.,Burnaby (BC),$36.60 hourly,"April 28, 2026",https://www.jobbank.gc.ca/jobsearch/jobposting/49414073?source=searchresults
finish carpenter,K.S Exterior Ltd,Surrey (BC),$32.00 hourly,"April 17, 2026",https://www.jobbank.gc.ca/jobsearch/jobposting/49355719?source=searchresults
countertop installer,Patra Stone Works Ltd.,Surrey (BC),$37.00 hourly,"April 14, 2026",https://www.jobbank.gc.ca/jobsearch/jobposting/49543500?source=searchresults
painter,International Union of Painters and Allied Trades DC38,Vancouver (BC),$33.79 to $41.75 hourly,"May 29, 2026",https://www.jobbank.gc.ca/jobsearch/jobposting/49614465?source=searchresults
carpenter,Punctual Construction & Drywall Ltd.,Surrey (BC),$37.00 hourly,"May 25, 2026",https://www.jobbank.gc.ca/jobsearch/jobposting/49584866?source=searchresults
asbestos removal supervisor,Proactive Hazmat & Environmental,Langley (BC),$37.50 hourly,"April 10, 2026",https://www.jobbank.gc.ca/jobsearch/jobposting/49265617?source=searchresults
cabinetmaker's helper,Colonial Countertops Ltd.,Victoria (BC),$25.00 hourly,"April 01, 2026",https://www.jobbank.gc.ca/jobsearch/jobposting/49204681?source=searchresults
concrete finishers foreman/woman,Jeci Services Ltd.,Vancouver (BC),$37.50 hourly,"March 30, 2026",https://www.jobbank.gc.ca/jobsearch/jobposting/49196818?source=searchresults
electrician,ELECTRO ELECTRIC LTD.,Surrey (BC),$36.65 hourly,"March 30, 2026",https://www.jobbank.gc.ca/jobsearch/jobposting/49196300?source=searchresults
carpenter helper,Dentara Cabinets Ltd.,Abbotsford (BC),$25.00 hourly,"March 19, 2026",https://www.jobbank.gc.ca/jobsearch/jobposting/49138746?source=searchresults
carpenter,Kaile Enterprises Ltd.,Abbotsford (BC),$37.00 hourly,"April 23, 2026",https://www.jobbank.gc.ca/jobsearch/jobposting/49388520?source=searchresults
metal fabricator,CanaSteel Rebar Services Corp.,Thornhill (BC),$27.00 to $36.60 hourly (to be negotiated),"April 20, 2026",https://www.jobbank.gc.ca/jobsearch/jobposting/49369080?source=searchresults
carpenter,JLK Projects ltd.,Delta (BC),$36.60 hourly,"April 13, 2026",https://www.jobbank.gc.ca/jobsearch/jobposting/49301995?source=searchresults
electrician,Smartwork Electrical Ltd.,Surrey (BC),$36.60 hourly,"April 06, 2026",https://www.jobbank.gc.ca/jobsearch/jobposting/49589692?source=searchresults
electrician,AKKAS ELECTRICAL LTD,Surrey (BC),$36.60 hourly,"March 30, 2026",https://www.jobbank.gc.ca/jobsearch/jobposting/49196311?source=searchresults
carpenter,Garpy Concrete and Restoration Ltd.,Vancouver (BC),$36.60 hourly,"March 18, 2026",https://www.jobbank.gc.ca/jobsearch/jobposting/49133904?source=searchresults
swimming pool worker,Adco Pools (1993) Ltd.,North Vancouver (BC),$30.00 hourly,"March 02, 2026",https://www.jobbank.gc.ca/jobsearch/jobposting/49030558?source=searchresults
painter,"Black Dog Painting, Inc.",Victoria (BC),$34.41 hourly,"May 21, 2026",https://www.jobbank.gc.ca/jobsearch/jobposting/49560913?source=searchresults
electrical apprentice,Electrico Systems LTD,Surrey (BC),$36.60 hourly,"April 20, 2026",https://www.jobbank.gc.ca/jobsearch/jobposting/49367761?source=searchresults
carpenter,VISION INTERIOR,New Westminster (BC),$36.70 hourly,"April 20, 2026",https://www.jobbank.gc.ca/jobsearch/jobposting/49366047?source=searchresults
eavestrough installer,srs roofing,Surrey (BC),$36.60 hourly,"March 07, 2026",https://www.jobbank.gc.ca/jobsearch/jobposting/49062384?source=searchresults
apprentice electrician,Rising Edge Group,Prince George (BC),$24.50 hourly,"May 23, 2026",https://www.jobbank.gc.ca/jobsearch/jobposting/49624274?source=searchresults
apprentice electrician,Rising Edge Group,Terrace (BC),$24.50 hourly,"May 23, 2026",https://www.jobbank.gc.ca/jobsearch/jobposting/49647784?source=searchresults
apprentice electrician,Rising Edge Group,Kelowna (BC),$24.50 hourly,"May 23, 2026",https://www.jobbank.gc.ca/jobsearch/jobposting/49647816?source=searchresults
apprentice electrician,Rising Edge Group,Kamloops (BC),$24.50 hourly,"May 23, 2026",https://www.jobbank.gc.ca/jobsearch/jobposting/49648087?source=searchresults
apprentice electrician,Rising Edge Group,Cranbrook (BC),$24.50 hourly,"May 23, 2026",https://www.jobbank.gc.ca/jobsearch/jobposting/49648182?source=searchresults
apprentice electrician,Rising Edge Group,Fort St. John (BC),$24.50 hourly,"May 23, 2026",https://www.jobbank.gc.ca/jobsearch/jobposting/49649163?source=searchresults
carpenter,straightedge Contractors inc.,Surrey (BC),$30.00 hourly,"March 19, 2026",https://www.jobbank.gc.ca/jobsearch/jobposting/49139287?source=searchresults
carpenter,Team Wood Kitchen Cabinets (2009) Ltd.,Surrey (BC),$37.00 hourly,"March 16, 2026",https://www.jobbank.gc.ca/jobsearch/jobposting/49117901?source=searchresults
carpenter rough,Metro Standard Insulation,Surrey (BC),$36.70 hourly,"February 23, 2026",https://www.jobbank.gc.ca/jobsearch/jobposting/48994149?source=searchresults
Renovation manager,Quality Guaranteed Services Inc.,Burnaby (BC),$55.00 hourly,"March 05, 2026",https://www.jobbank.gc.ca/jobsearch/jobposting/49048127?source=searchresults
electrical foreman/woman,Osprey Electric Ltd.,Courtenay (BC),$36.00 to $40.00 hourly,"May 12, 2026",https://www.jobbank.gc.ca/jobsearch/jobposting/49501161?source=searchresults
electrical apprentice,Action Electric Ltd.,Vancouver (BC),$36.60 hourly,"May 01, 2026",https://www.jobbank.gc.ca/jobsearch/jobposting/49435706?source=searchresults
electrician,District of Tumbler Ridge,Tumbler Ridge (BC),$44.92 hourly,"May 20, 2026",https://www.jobbank.gc.ca/jobsearch/jobposting/49549364?source=searchresults
carpenter,Houston Landscapes,North Vancouver (BC),$37.00 to $40.00 hourly (to be negotiated),"April 20, 2026",https://www.jobbank.gc.ca/jobsearch/jobposting/49369192?source=searchresults
industrial mechanic,Nanak Foods,Surrey (BC),$45.00 hourly,"April 10, 2026",https://www.jobbank.gc.ca/jobsearch/jobposting/49268452?source=searchresults
countertop installer,Branda Contracting Inc.,Vancouver (BC),$37.00 hourly,"April 07, 2026",https://www.jobbank.gc.ca/jobsearch/jobposting/49235112?source=searchresults
carpenter,Danma Kitchen Cabinets Ltd.,Delta (BC),$37.80 hourly,"April 01, 2026",https://www.jobbank.gc.ca/jobsearch/jobposting/49207204?source=searchresults
maintenance mechanic technician - industrial,APEX ALUMINUM EXTRUSIONS,Langley (BC),$40.14 hourly,"April 01, 2026",https://www.jobbank.gc.ca/jobsearch/jobposting/49206727?source=searchresults
carpenter,Westcore Siding Ltd.,Surrey (BC),$36.75 hourly,"March 23, 2026",https://www.jobbank.gc.ca/jobsearch/jobposting/49162357?source=searchresults
carpenter,Sasquatch Woodcraft,Comox (BC),$36.60 hourly,"March 10, 2026",https://www.jobbank.gc.ca/jobsearch/jobposting/49079680?source=searchresults
solar panel installer,E-NET SOLUTIONS INC.,Victoria (BC),$30.00 to $35.00 hourly (to be negotiated),"March 09, 2026",https://www.jobbank.gc.ca/jobsearch/jobposting/49587598?source=searchresults
carpentry supervisor,BC Passive House,Mount Currie (BC),$38.00 to $42.00 hourly (to be negotiated),"March 09, 2026",https://www.jobbank.gc.ca/jobsearch/jobposting/49070281?source=searchresults
apprentice electrician,Osprey Electric Ltd.,Parksville (BC),$21.00 to $25.00 hourly,"May 15, 2026",https://www.jobbank.gc.ca/jobsearch/jobposting/49590208?source=searchresults
millwright,Pacific Energy Canada,Squamish (BC),$60.00 hourly,"May 23, 2026",https://www.jobbank.gc.ca/jobsearch/jobposting/49634012?source=searchresults
structured cabling technician,Bosch Building Technologies,Vancouver (BC),$22.55 hourly,"May 23, 2026",https://www.jobbank.gc.ca/jobsearch/jobposting/49648773?source=searchresults
plumbing inspector,City of Coquitlam,Coquitlam (BC),"$126,265.00 annually","May 20, 2026",https://www.jobbank.gc.ca/jobsearch/jobposting/49552038?source=searchresults
civil engineering technologist,City of Mission,Mission (BC),$57.63 hourly,"May 20, 2026",https://www.jobbank.gc.ca/jobsearch/jobposting/49551996?source=searchresults
carpenter,Actfast Restoration & Repairs LTD.,Surrey (BC),$31.50 hourly,"April 21, 2026",https://www.jobbank.gc.ca/jobsearch/jobposting/49375326?source=searchresults
carpenter,Blackfish Homes,North Vancouver (BC),$38.00 hourly,"April 17, 2026",https://www.jobbank.gc.ca/jobsearch/jobposting/49542025?source=searchresults
carpenter,EQUINOX DRYWALL LTD.,Surrey (BC),$36.65 hourly,"April 14, 2026",https://www.jobbank.gc.ca/jobsearch/jobposting/49334116?source=searchresults
siding installer,MEHAR SIDING AND SUNDECK LTD.,Abbotsford (BC),$36.60 hourly,"March 30, 2026",https://www.jobbank.gc.ca/jobsearch/jobposting/49196209?source=searchresults
finish carpenter,Young Era Contracting Ltd.,Burns Lake (BC),$36.75 hourly,"March 16, 2026",https://www.jobbank.gc.ca/jobsearch/jobposting/49117814?source=searchresults
"carpenter, plant",Pristine Landscaping,Kelowna (BC),$37.00 hourly,"March 04, 2026",https://www.jobbank.gc.ca/jobsearch/jobposting/49042353?source=searchresults
carpenter supervisor,Freeman Construction Ltd,Ladysmith (BC),$35.00 to $44.00 hourly,"June 02, 2026",https://www.jobbank.gc.ca/jobsearch/jobposting/49632000?source=searchresults
"general manager - goods production, utilities, transportation and construction",Aerojet Turbine Reworks Inc.,Richmond (BC),"$170,000.00 annually","May 12, 2026",https://www.jobbank.gc.ca/jobsearch/jobposting/49495481?source=searchresults
carpenter,Golden Uprising Construction Ltd.,Victoria (BC),$36.70 hourly,"May 21, 2026",https://www.jobbank.gc.ca/jobsearch/jobposting/49559684?source=searchresults
renovation carpenter,Hingley Construction LTD,Kelowna (BC),$25.00 to $35.00 hourly,"May 27, 2026",https://www.jobbank.gc.ca/jobsearch/jobposting/49599234?source=searchresults
"carpenter, maintenance",Junoacres,Chase (BC),$36.60 to $38.00 hourly (to be negotiated),"April 23, 2026",https://www.jobbank.gc.ca/jobsearch/jobposting/49387394?source=searchresults
"carpenter, framing",BN Framing Ltd.,Abbotsford (BC),$36.60 hourly,"April 02, 2026",https://www.jobbank.gc.ca/jobsearch/jobposting/49208172?source=searchresults
eavestrough installer,Alpine Gutters,Squamish (BC),$36.75 hourly,"March 30, 2026",https://www.jobbank.gc.ca/jobsearch/jobposting/49196785?source=searchresults
finish carpenter,Vanmar Constructors,Abbotsford (BC),$37.00 hourly,"February 17, 2026",https://www.jobbank.gc.ca/jobsearch/jobposting/48961029?source=searchresults
carpenter,The Wickaninnish Inn,Tofino (BC),$30.05 hourly,"May 15, 2026",https://www.jobbank.gc.ca/jobsearch/jobposting/49522866?source=searchresults
carpenter,B4U 13 Construction Ltd,Surrey (BC),$36.60 hourly,"May 20, 2026",https://www.jobbank.gc.ca/jobsearch/jobposting/49552631?source=searchresults
automotive mechanic helper,THIS RIDES 4 U,Duncan (BC),$26.00 hourly,"April 13, 2026",https://www.jobbank.gc.ca/jobsearch/jobposting/49301043?source=searchresults
carpenter,MACK KIRK INDUSTRIES LTD,Langley (BC),$37.00 hourly,"March 10, 2026",https://www.jobbank.gc.ca/jobsearch/jobposting/49083264?source=searchresults
heavy-duty equipment operator,green roads recycling,Fernie (BC),$32.00 hourly,"February 18, 2026",https://www.jobbank.gc.ca/jobsearch/jobposting/48966365?source=searchresults
carpenter,Harbour X Construction Ltd.,Delta (BC),$36.60 hourly,"May 20, 2026",https://www.jobbank.gc.ca/jobsearch/jobposting/49553094?source=searchresults
electrician,Amco & Harp Electric Ltd,Richmond (BC),$36.60 hourly,"May 14, 2026",https://www.jobbank.gc.ca/jobsearch/jobposting/49512534?source=searchresults
apprentice carpenter,Finnish Builders,Richmond (BC),$40.00 hourly,"May 14, 2026",https://www.jobbank.gc.ca/jobsearch/jobposting/49511846?source=searchresults
"marketing vice-president - goods production, utilities, transportation and construction",CTC Logistics,Richmond (BC),$63.00 hourly,"May 08, 2026",https://www.jobbank.gc.ca/jobsearch/jobposting/49492831?source=searchresults
framing carpenter,G&G FRAMING LTD.,Surrey (BC),$42.00 hourly,"April 27, 2026",https://www.jobbank.gc.ca/jobsearch/jobposting/49406604?source=searchresults
"carpenter, framing",EXPERT FACILITY SERVICES LTD,Delta (BC),$37.10 hourly,"April 22, 2026",https://www.jobbank.gc.ca/jobsearch/jobposting/49381722?source=searchresults
carpenter,Westwood Finishing & Flooring Ltd.,Port Coquitlam (BC),$37.00 hourly,"April 06, 2026",https://www.jobbank.gc.ca/jobsearch/jobposting/49543459?source=searchresults
heating and cooling mechanic helper,Think AC & Heating Ltd,Abbotsford (BC),$37.00 hourly,"June 07, 2026",https://www.jobbank.gc.ca/jobsearch/jobposting/49668046?source=searchresults
ironworker - reinforcing rebar,DC Steel Ltd.,Port Moody (BC),$37.00 hourly,"June 07, 2026",https://www.jobbank.gc.ca/jobsearch/jobposting/49665647?source=searchresults
glazier,Starfire Glazing Ltd.,Surrey (BC),$31.00 to $33.00 hourly (to be negotiated),"June 06, 2026",https://www.jobbank.gc.ca/jobsearch/jobposting/49664536?source=searchresults
carpenter,CHATEAU DEVELOPMENTS LTD.,Surrey (BC),$36.60 hourly,"June 06, 2026",https://www.jobbank.gc.ca/jobsearch/jobposting/49664338?source=searchresults
insulator helper,Brar Insulation Ltd.,Surrey (BC),$19.00 hourly,"June 06, 2026",https://www.jobbank.gc.ca/jobsearch/jobposting/49662078?source=searchresults
carpenter,Orbit Granite Counters Ltd.,Surrey (BC),$37.00 hourly,"June 05, 2026",https://www.jobbank.gc.ca/jobsearch/jobposting/49661018?source=searchresults
electrician,Uppal Electrical Ltd,Surrey (BC),$36.75 hourly,"June 05, 2026",https://www.jobbank.gc.ca/jobsearch/jobposting/49660314?source=searchresults
electrician,Uppal Electrical Ltd,Osoyoos (BC),$36.75 hourly,"June 05, 2026",https://www.jobbank.gc.ca/jobsearch/jobposting/49660311?source=searchresults
framer-carpenter,Tip Top Framing Ltd.,Surrey (BC),$37.00 hourly,"June 05, 2026",https://www.jobbank.gc.ca/jobsearch/jobposting/49659934?source=searchresults
motor vehicle body repairer helper,A-Class Auto Body & Paint LTD.,Delta (BC),$37.00 hourly,"June 05, 2026",https://www.jobbank.gc.ca/jobsearch/jobposting/49659922?source=searchresults
carpenter,Newworld Cabinets Ltd,Vancouver (BC),$36.60 hourly,"June 05, 2026",https://www.jobbank.gc.ca/jobsearch/jobposting/49659916?source=searchresults
heavy equipment operator,WEST COAST INTEGRITY CONTRACTING LTD.,Surrey (BC),$37.00 hourly,"June 05, 2026",https://www.jobbank.gc.ca/jobsearch/jobposting/49659910?source=searchresults
painter,Sabhi Painting ltd.,Surrey (BC),$28.00 to $35.00 hourly (to be negotiated),"June 05, 2026",https://www.jobbank.gc.ca/jobsearch/jobposting/49659525?source=searchresults
painter,G.O.A.T Painting Projects Ltd.,Surrey (BC),$37.00 hourly,"June 05, 2026",https://www.jobbank.gc.ca/jobsearch/jobposting/49659124?source=searchresults
kitchen cupboard and vanity installer,Apollo Custom Manufacturing Ltd.,Surrey (BC),$35.10 hourly,"June 05, 2026",https://www.jobbank.gc.ca/jobsearch/jobposting/49659075?source=searchresults
building maintenance supervisor,Crystal Consulting Inc.,Richmond (BC),$37.50 hourly,"June 05, 2026",https://www.jobbank.gc.ca/jobsearch/jobposting/49658711?source=searchresults
excavator operator,Father And Son Masonry And Curbing,Duncan (BC),$37.00 hourly,"June 05, 2026",https://www.jobbank.gc.ca/jobsearch/jobposting/49658265?source=searchresults
excavator operator,Father And Son Masonry And Curbing,Surrey (BC),$37.00 hourly,"June 05, 2026",https://www.jobbank.gc.ca/jobsearch/jobposting/49657346?source=searchresults
carpenter,Elegant Glass & Shower Mirrors Ltd.,Surrey (BC),$37.00 hourly,"June 04, 2026",https://www.jobbank.gc.ca/jobsearch/jobposting/49655717?source=searchresults
carpenter,Westvan Drywall Ltd.,Vancouver (BC),$36.70 hourly,"June 04, 2026",https://www.jobbank.gc.ca/jobsearch/jobposting/49655731?source=searchresults
carpenter,BC Siding Ltd.,Maple Ridge (BC),$36.60 hourly,"June 04, 2026",https://www.jobbank.gc.ca/jobsearch/jobposting/49655756?source=searchresults
"mechanic helper, heavy equipment",S & K Trucking Ltd,Abbotsford (BC),$18.25 hourly,"June 04, 2026",https://www.jobbank.gc.ca/jobsearch/jobposting/49655628?source=searchresults
electrician,AKAM ELECTRIC LTD,Surrey (BC),$37.00 hourly,"June 04, 2026",https://www.jobbank.gc.ca/jobsearch/jobposting/49655463?source=searchresults
painter,West Fraser Developments Ltd.,Surrey (BC),$28.00 hourly,"June 04, 2026",https://www.jobbank.gc.ca/jobsearch/jobposting/49653767?source=searchresults
Tent Installer,International Tentnology Corp.,Surrey (BC),$36.60 hourly,"June 04, 2026",https://www.jobbank.gc.ca/jobsearch/jobposting/49653761?source=searchresults
"painter, commercial buildings",Chahal Painting,Surrey (BC),"$61,000.00 annually","June 04, 2026",https://www.jobbank.gc.ca/jobsearch/jobposting/49653446?source=searchresults
carpenter,Raisahara Enterprises Ltd.,Surrey (BC),$37.00 hourly,"June 04, 2026",https://www.jobbank.gc.ca/jobsearch/jobposting/49652984?source=searchresults
drywall applicators foreman/woman,Raisahara Enterprises Ltd.,Surrey (BC),$38.00 hourly,"June 04, 2026",https://www.jobbank.gc.ca/jobsearch/jobposting/49652956?source=searchresults
drywall installer supervisor,Skystar Drywall Ltd.,Kelowna (BC),$38.00 hourly,"June 04, 2026",https://www.jobbank.gc.ca/jobsearch/jobposting/49652856?source=searchresults
carpenter,Skystar Drywall Ltd.,Kelowna (BC),$38.00 hourly,"June 04, 2026",https://www.jobbank.gc.ca/jobsearch/jobposting/49652822?source=searchresults
Siding foreman/woman,PRO-SHIELD ENTERPRISES INC.,Abbotsford (BC),$38.00 hourly,"June 04, 2026",https://www.jobbank.gc.ca/jobsearch/jobposting/49652718?source=searchresults
heavy equipment operator,City Line Investments Ltd,Surrey (BC),$37.00 hourly,"June 04, 2026",https://www.jobbank.gc.ca/jobsearch/jobposting/49652587?source=searchresults
painter,OG ENTERPRISE LTD.,Abbotsford (BC),$38.00 hourly,"June 04, 2026",https://www.jobbank.gc.ca/jobsearch/jobposting/49652553?source=searchresults
carpenter,WEST SHORE EXTERIOR LTD.,Langford (BC),$37.00 hourly,"June 04, 2026",https://www.jobbank.gc.ca/jobsearch/jobposting/49652523?source=searchresults
painter and paperhanger,True Shades Painting Ltd,Surrey (BC),$36.65 hourly,"June 04, 2026",https://www.jobbank.gc.ca/jobsearch/jobposting/49652514?source=searchresults
painter,LINEAR PAINTING LTD.,Abbotsford (BC),$39.00 hourly,"June 04, 2026",https://www.jobbank.gc.ca/jobsearch/jobposting/49652427?source=searchresults
carpenter,Surrey Enterprise Ltd.,Surrey (BC),$36.60 hourly,"June 04, 2026",https://www.jobbank.gc.ca/jobsearch/jobposting/49652421?source=searchresults
carpenter,Edge Grain,Victoria (BC),$40.00 hourly,"June 04, 2026",https://www.jobbank.gc.ca/jobsearch/jobposting/49651793?source=searchresults
maintenance mechanic This job posting is posted by a recruitment agency on behalf of the employer.,MGR Workforce,Richmond (BC),$47.88 hourly,"June 04, 2026",https://www.jobbank.gc.ca/jobsearch/jobposting/49651673?source=searchresults
carpenter,Friends Gutters & Siding Ltd.,Surrey (BC),$36.60 hourly,"June 04, 2026",https://www.jobbank.gc.ca/jobsearch/jobposting/49650522?source=searchresults
millwright,United Gear and Machine Works Ltd.,North Vancouver (BC),$42.00 to $47.50 hourly (to be negotiated),"June 04, 2026",https://www.jobbank.gc.ca/jobsearch/jobposting/49649560?source=searchresults
carpentry contractor,SBUDDY HOME Renovation,Surrey (BC),$34.50 hourly,"June 04, 2026",https://www.jobbank.gc.ca/jobsearch/jobposting/49648823?source=searchresults
heavy equipment operator,Maxxcontracting,Nanaimo (BC),$41.41 hourly,"May 12, 2026",https://www.jobbank.gc.ca/jobsearch/jobposting/49632037?source=searchresults
carpenter,Milestone Services Ltd.,Abbotsford (BC),$37.00 hourly,"June 03, 2026",https://www.jobbank.gc.ca/jobsearch/jobposting/49645342?source=searchresults
electrician,Khalsa Electric Ltd.,Surrey (BC),$37.00 hourly,"June 03, 2026",https://www.jobbank.gc.ca/jobsearch/jobposting/49645303?source=searchresults
renovation helper,Okanagan Restoration Services,Kelowna (BC),$22.00 hourly,"June 03, 2026",https://www.jobbank.gc.ca/jobsearch/jobposting/49645033?source=searchresults
electrician,Panjab Electric Ltd,Langley (BC),$36.60 hourly,"June 03, 2026",https://www.jobbank.gc.ca/jobsearch/jobposting/49645024?source=searchresults
painter,A STAR PAINTING,Surrey (BC),$36.80 hourly,"June 03, 2026",https://www.jobbank.gc.ca/jobsearch/jobposting/49644613?source=searchresults
painter,DUSTY ROSE PAINTING & HOME IMPROVEMENTS LTD,Kelowna (BC),$37.00 hourly,"June 03, 2026",https://www.jobbank.gc.ca/jobsearch/jobposting/49644607?source=searchresults
glazier,Phoenix Glass Inc.,Delta (BC),$31.00 hourly,"June 03, 2026",https://www.jobbank.gc.ca/jobsearch/jobposting/49643108?source=searchresults
painter,Pine Tree Woodworks Ltd.,Surrey (BC),$36.60 hourly,"June 03, 2026",https://www.jobbank.gc.ca/jobsearch/jobposting/49642348?source=searchresults
glazier,MJ WINDOW LTD.,Surrey (BC),$36.60 hourly,"June 02, 2026",https://www.jobbank.gc.ca/jobsearch/jobposting/49638832?source=searchresults
sign installer,Signature Signs & Printing,Kamloops (BC),$20.00 to $30.00 hourly (to be negotiated),"June 02, 2026",https://www.jobbank.gc.ca/jobsearch/jobposting/49638542?source=searchresults
asphalt-paving screed operator,Save On BlackTop,Surrey (BC),$36.60 hourly,"June 02, 2026",https://www.jobbank.gc.ca/jobsearch/jobposting/49638530?source=searchresults
carpenter,At Home Renovation Ltd.,Burnaby (BC),$37.00 hourly,"June 02, 2026",https://www.jobbank.gc.ca/jobsearch/jobposting/49637870?source=searchresults
excavator operator,MG Development,Revelstoke (BC),$34.00 to $39.00 hourly (to be negotiated),"June 02, 2026",https://www.jobbank.gc.ca/jobsearch/jobposting/49637467?source=searchresults
glazier,Titan Glass & Shower Door Ltd,Surrey (BC),$37.00 hourly,"June 02, 2026",https://www.jobbank.gc.ca/jobsearch/jobposting/49637056?source=searchresults
siding installer,H S SIDING LTD.,Surrey (BC),$37.00 hourly,"June 02, 2026",https://www.jobbank.gc.ca/jobsearch/jobposting/49637008?source=searchresults
installer helper - telecommunications,TRUE WAY INSTALLATIONS INC.,Victoria (BC),$22.00 hourly,"June 02, 2026",https://www.jobbank.gc.ca/jobsearch/jobposting/49636643?source=searchresults
carpenter,KRJ13 Contracting Ltd,Langford (BC),$37.00 hourly,"June 02, 2026",https://www.jobbank.gc.ca/jobsearch/jobposting/49636236?source=searchresults
carpenter,West Coast Pallet Ltd,Surrey (BC),$37.00 hourly,"June 02, 2026",https://www.jobbank.gc.ca/jobsearch/jobposting/49636234?source=searchresults
carpentry supervisor,Union Steamship Marina,Bowen Island (BC),"$70,720.00 annually","June 02, 2026",https://www.jobbank.gc.ca/jobsearch/jobposting/49636050?source=searchresults
carpenter,Horizon Drywall Ltd.,Victoria (BC),$36.70 hourly,"June 02, 2026",https://www.jobbank.gc.ca/jobsearch/jobposting/49636027?source=searchresults
framing carpenter,All Seasons Development Ltd,Surrey (BC),$32.00 hourly,"June 02, 2026",https://www.jobbank.gc.ca/jobsearch/jobposting/49635873?source=searchresults
painter,Team Wood Kitchen Cabinets (2009) Ltd.,Surrey (BC),$36.80 hourly,"June 02, 2026",https://www.jobbank.gc.ca/jobsearch/jobposting/49634700?source=searchresults
building maintenance supervisor,Skinny Duke's,Kelowna (BC),"$60,000.00 annually","June 02, 2026",https://www.jobbank.gc.ca/jobsearch/jobposting/49632623?source=searchresults
carpenter,Applewood Kitchen Concepts Ltd.,Surrey (BC),$31.50 hourly,"June 01, 2026",https://www.jobbank.gc.ca/jobsearch/jobposting/49631265?source=searchresults
apprentice carpenter,MCool Pro Builders Ltd.,Nanaimo (BC),$36.60 hourly,"June 01, 2026",https://www.jobbank.gc.ca/jobsearch/jobposting/49630946?source=searchresults
heavy equipment operator,Bedrock Granite Sales Ltd.,Coquitlam (BC),"$60,000.00 annually","June 01, 2026",https://www.jobbank.gc.ca/jobsearch/jobposting/49630558?source=searchresults
electrician,SANDHU ELECTRIC LTD,Surrey (BC),$37.00 hourly,"June 01, 2026",https://www.jobbank.gc.ca/jobsearch/jobposting/49629788?source=searchresults
apprentice electrician,MYARC ELECTRICAL INC,Port Coquitlam (BC),$37.00 hourly,"June 01, 2026",https://www.jobbank.gc.ca/jobsearch/jobposting/49628138?source=searchresults
carpenter,MHAWK HOME SOLUTIONS INC.,Abbotsford (BC),$36.60 hourly,"June 01, 2026",https://www.jobbank.gc.ca/jobsearch/jobposting/49627847?source=searchresults
industrial machinery maintenance mechanic,Metro Compactor Service Inc.,Port Coquitlam (BC),$28.00 to $36.00 hourly (to be negotiated),"June 01, 2026",https://www.jobbank.gc.ca/jobsearch/jobposting/49627800?source=searchresults
painter,Dominion Masonry ltd,Burnaby (BC),$30.00 to $37.00 hourly (to be negotiated),"June 01, 2026",https://www.jobbank.gc.ca/jobsearch/jobposting/49626184?source=searchresults
electrician,AECOM ELECTRIC LTD.,Delta (BC),$36.60 to $39.00 hourly (to be negotiated),"June 01, 2026",https://www.jobbank.gc.ca/jobsearch/jobposting/49625612?source=searchresults
pool equipment installer,ALKA POOL CONST LTD,Burnaby (BC),$32.00 to $39.00 hourly (to be negotiated),"April 22, 2026",https://www.jobbank.gc.ca/jobsearch/jobposting/49511849?source=searchresults
carpenter,Toor Framing ltd.,Surrey (BC),$37.00 hourly,"May 29, 2026",https://www.jobbank.gc.ca/jobsearch/jobposting/49614135?source=searchresults
framer-carpenter,Malwa Framing Ltd.,Surrey (BC),$37.00 hourly,"May 29, 2026",https://www.jobbank.gc.ca/jobsearch/jobposting/49613820?source=searchresults
refrigeration mechanic helper,Advance air solutions ltd,Surrey (BC),$25.00 hourly,"May 29, 2026",https://www.jobbank.gc.ca/jobsearch/jobposting/49613497?source=searchresults
overhead door installer,Bud's Industrial Installations Ltd.,Langley (BC),"$2,928.00 biweekly","May 29, 2026",https://www.jobbank.gc.ca/jobsearch/jobposting/49612795?source=searchresults
kitchen cabinet installer,Lauten Woodworking,North Vancouver (BC),$34.00 to $36.00 hourly (to be negotiated),"May 29, 2026",https://www.jobbank.gc.ca/jobsearch/jobposting/49612041?source=searchresults
painter,Fenstür Windows and Doors,Duncan (BC),$19.92 to $28.40 hourly (to be negotiated),"May 29, 2026",https://www.jobbank.gc.ca/jobsearch/jobposting/49611644?source=searchresults
carpenter,SAFE GUARD WATERPROOFING LTD,Surrey (BC),$36.60 hourly,"May 29, 2026",https://www.jobbank.gc.ca/jobsearch/jobposting/49611626?source=searchresults
carpenter,AC&Bros Concrete ltd.,Victoria (BC),$32.50 hourly,"May 29, 2026",https://www.jobbank.gc.ca/jobsearch/jobposting/49611613?source=searchresults
carpenter,High Hill Construction Corp,Surrey (BC),$37.00 hourly,"May 19, 2026",https://www.jobbank.gc.ca/jobsearch/jobposting/49543969?source=searchresults
automotive mechanic helper,Integra Tire,Trail (BC),$18.25 to $25.00 hourly (to be negotiated),"May 28, 2026",https://www.jobbank.gc.ca/jobsearch/jobposting/49607176?source=searchresults
cable installation and repair helper - telecommunications,YPS Prime Solutions Ltd,Mission (BC),$25.00 hourly,"May 28, 2026",https://www.jobbank.gc.ca/jobsearch/jobposting/49606505?source=searchresults
carpenter,Ksingh contractors,Burns Lake (BC),"$66,612.00 annually","May 28, 2026",https://www.jobbank.gc.ca/jobsearch/jobposting/49606484?source=searchresults
painter,Aval Paintings & Renovations Ltd.,Surrey (BC),$37.00 hourly,"May 28, 2026",https://www.jobbank.gc.ca/jobsearch/jobposting/49606042?source=searchresults
painter,Inyk Painting and Restoration Ltd.,Surrey (BC),$37.00 hourly,"May 28, 2026",https://www.jobbank.gc.ca/jobsearch/jobposting/49605520?source=searchresults
electrician,G Sekhon Electrical Ltd.,Surrey (BC),$37.00 hourly,"May 28, 2026",https://www.jobbank.gc.ca/jobsearch/jobposting/49605510?source=searchresults
carpenter,Trine Developments Ltd.,Richmond (BC),$37.00 hourly,"May 28, 2026",https://www.jobbank.gc.ca/jobsearch/jobposting/49605508?source=searchresults
siding installer,PRO-SHIELD ENTERPRISES INC.,Abbotsford (BC),$28.00 hourly,"May 28, 2026",https://www.jobbank.gc.ca/jobsearch/jobposting/49605479?source=searchresults
painter,Tri Star Painting,Surrey (BC),$37.00 hourly,"May 28, 2026",https://www.jobbank.gc.ca/jobsearch/jobposting/49605469?source=searchresults
carpenter,Geo Pallet Ltd,Surrey (BC),$36.65 hourly,"May 28, 2026",https://www.jobbank.gc.ca/jobsearch/jobposting/49605039?source=searchresults
restoration carpenter,KC Superior Carpet & Flood Remediation Inc,Port Coquitlam (BC),$37.00 to $38.00 hourly (to be negotiated),"May 28, 2026",https://www.jobbank.gc.ca/jobsearch/jobposting/49604860?source=searchresults
painter,Strength Of Colours Painting Ltd,Langford (BC),$36.70 hourly,"May 28, 2026",https://www.jobbank.gc.ca/jobsearch/jobposting/49603112?source=searchresults
hot tub servicer This job posting is posted by a recruitment agency on behalf of the employer.,Whistler Personnel,Whistler (BC),$25.00 to $27.00 hourly (to be negotiated),"May 28, 2026",https://www.jobbank.gc.ca/jobsearch/jobposting/49602786?source=searchresults
glaziers foreman/woman,Transparent Glazing Systems Ltd.,Burnaby (BC),$37.50 hourly,"March 30, 2026",https://www.jobbank.gc.ca/jobsearch/jobposting/49197417?source=searchresults
civil engineering technologist,District of Hope,Hope (BC),$50.13 hourly,"May 13, 2026",https://www.jobbank.gc.ca/jobsearch/jobposting/49507164?source=searchresults
carpenter,EVR Fine Homes,Whistler (BC),$37.00 hourly,"May 27, 2026",https://www.jobbank.gc.ca/jobsearch/jobposting/49598302?source=searchresults
industrial maintenance painter,Corrcoat Services Inc,Surrey (BC),$37.10 hourly,"May 27, 2026",https://www.jobbank.gc.ca/jobsearch/jobposting/49597761?source=searchresults
carpenter,Plam Finishing Carpentry,New Westminster (BC),$37.00 hourly,"May 27, 2026",https://www.jobbank.gc.ca/jobsearch/jobposting/49597356?source=searchresults
carpenter,Rising Finishing & Carpentry Ltd,Surrey (BC),$36.50 hourly,"May 27, 2026",https://www.jobbank.gc.ca/jobsearch/jobposting/49596709?source=searchresults
carpenter,No Name Siding Ltd.,Surrey (BC),$36.60 hourly,"May 27, 2026",https://www.jobbank.gc.ca/jobsearch/jobposting/49596683?source=searchresults
carpenter,Shield Siding Ltd.,Surrey (BC),$36.60 hourly,"May 27, 2026",https://www.jobbank.gc.ca/jobsearch/jobposting/49596675?source=searchresults
siding installer,No Name Siding Ltd.,Surrey (BC),$36.60 hourly,"May 27, 2026",https://www.jobbank.gc.ca/jobsearch/jobposting/49596664?source=searchresults
maintenance millwright,K-Line Trailers Ltd,Langley (BC),$37.00 hourly,"May 27, 2026",https://www.jobbank.gc.ca/jobsearch/jobposting/49596637?source=searchresults
painter,Double A Painting Ltd.,Victoria (BC),$37.00 hourly,"May 27, 2026",https://www.jobbank.gc.ca/jobsearch/jobposting/49595017?source=searchresults
painter,Harman Painting LTD.,Surrey (BC),$38.00 hourly,"May 27, 2026",https://www.jobbank.gc.ca/jobsearch/jobposting/49592670?source=searchresults
carpenter,RTL Forming,Abbotsford (BC),$37.00 hourly,"February 17, 2026",https://www.jobbank.gc.ca/jobsearch/jobposting/48960263?source=searchresults
mechanic helper,STEELHEAD TRUCK AND TRAILER REPAIR LTD,Surrey (BC),$38.00 hourly,"May 26, 2026",https://www.jobbank.gc.ca/jobsearch/jobposting/49592200?source=searchresults
sign installer,CNC Channel Sign Ltd.,Burnaby (BC),$27.00 hourly,"May 26, 2026",https://www.jobbank.gc.ca/jobsearch/jobposting/49591515?source=searchresults
carpenter,Core Drywall Ltd.,Surrey (BC),$36.70 hourly,"May 26, 2026",https://www.jobbank.gc.ca/jobsearch/jobposting/49589863?source=searchresults
carpenter,Mako Wood Furniture Inc.,Surrey (BC),$37.00 hourly,"May 26, 2026",https://www.jobbank.gc.ca/jobsearch/jobposting/49589776?source=searchresults
siding installer,Kans Exteriors Ltd,Maple Ridge (BC),$28.00 hourly,"May 26, 2026",https://www.jobbank.gc.ca/jobsearch/jobposting/49589723?source=searchresults
painter,HI-Beam Contractors Ltd,Vancouver (BC),$36.60 hourly,"May 26, 2026",https://www.jobbank.gc.ca/jobsearch/jobposting/49589705?source=searchresults
mechanic helper,Directbuy Furnace Ltd.,Port Coquitlam (BC),$24.00 hourly,"May 26, 2026",https://www.jobbank.gc.ca/jobsearch/jobposting/49589474?source=searchresults
excavating machine operator,LIDHER EXCAVATING AND DEMOLITION LTD,Surrey (BC),$37.00 hourly,"May 26, 2026",https://www.jobbank.gc.ca/jobsearch/jobposting/49588768?source=searchresults
pool and patio contractor,Aloha Pools Ltd.,Vancouver (BC),$38.00 hourly,"May 26, 2026",https://www.jobbank.gc.ca/jobsearch/jobposting/49587990?source=searchresults
painter,Nextgen pro painters Ltd.,Kelowna (BC),$36.60 hourly,"May 26, 2026",https://www.jobbank.gc.ca/jobsearch/jobposting/49587563?source=searchresults
building maintenance supervisor,Tatras Contracting Group Ltd.,North Vancouver (BC),$50.00 hourly,"May 26, 2026",https://www.jobbank.gc.ca/jobsearch/jobposting/49587943?source=searchresults
Railings installer,Langford Aluminum Railings Ltd,Langford (BC),$36.60 hourly,"May 26, 2026",https://www.jobbank.gc.ca/jobsearch/jobposting/49587769?source=searchresults
carpenter,Woodhouse Contracting Ltd,Rossland (BC),$37.00 hourly,"May 04, 2026",https://www.jobbank.gc.ca/jobsearch/jobposting/49590606?source=searchresults
kitchen cabinet installer,SUKHMANI CONTRACTING LTD,Surrey (BC),$36.75 hourly,"May 25, 2026",https://www.jobbank.gc.ca/jobsearch/jobposting/49585134?source=searchresults
maintenance mechanic technician - industrial,Merlin Plastics Inc.,New Westminster (BC),$37.00 to $40.00 hourly (to be negotiated),"May 25, 2026",https://www.jobbank.gc.ca/jobsearch/jobposting/49584849?source=searchresults
insulation supervisor,Greenfoot Energy Solutions,Westside (BC),$36.60 hourly,"May 07, 2026",https://www.jobbank.gc.ca/jobsearch/jobposting/49476685?source=searchresults
electrician,Burr Electric Ltd,North Vancouver (BC),$42.00 hourly,"May 25, 2026",https://www.jobbank.gc.ca/jobsearch/jobposting/49583088?source=searchresults
glazier,Cankord Glass,Burnaby (BC),$23.50 to $37.00 hourly (to be negotiated),"May 25, 2026",https://www.jobbank.gc.ca/jobsearch/jobposting/49583057?source=searchresults
glazier supervisor,UNIQUE GLASS AND SHOWER DOORS LTD.,Surrey (BC),$34.50 hourly,"May 25, 2026",https://www.jobbank.gc.ca/jobsearch/jobposting/49582550?source=searchresults
electrician,Mainpower Electrical Ltd,Surrey (BC),$38.00 hourly,"May 25, 2026",https://www.jobbank.gc.ca/jobsearch/jobposting/49581545?source=searchresults
carpenter,Cloverdale Form Rentals 2022 Ltd.,Surrey (BC),$36.00 hourly,"May 25, 2026",https://www.jobbank.gc.ca/jobsearch/jobposting/49581092?source=searchresults
excavating machine operator,Budget Excavating and Trucking Ltd.,Surrey (BC),$36.70 hourly,"May 25, 2026",https://www.jobbank.gc.ca/jobsearch/jobposting/49577903?source=searchresults
interior finish carpenter,Sabic Doors and Millwork Ltd,New Westminster (BC),$31.50 to $40.00 hourly (to be negotiated),"February 12, 2026",https://www.jobbank.gc.ca/jobsearch/jobposting/48934441?source=searchresults
painter,First Priority Painting,Shuswap (BC),$20.25 to $34.24 hourly,"May 11, 2026",https://www.jobbank.gc.ca/jobsearch/jobposting/49488190?source=searchresults
painter,Surjan Painting LTD,Victoria (BC),$21.00 to $25.00 hourly (to be negotiated),"May 23, 2026",https://www.jobbank.gc.ca/jobsearch/jobposting/49572813?source=searchresults
carpenter,Goodwill Kitchen Idea Ltd.,Surrey (BC),$37.50 hourly,"May 23, 2026",https://www.jobbank.gc.ca/jobsearch/jobposting/49572302?source=searchresults
civil engineering technician,City of Nanaimo,Nanaimo (BC),$44.65 hourly,"May 08, 2026",https://www.jobbank.gc.ca/jobsearch/jobposting/49483480?source=searchresults
framing carpenter,Evershine Fire Places Ltd.,Surrey (BC),$37.00 hourly,"May 23, 2026",https://www.jobbank.gc.ca/jobsearch/jobposting/49570946?source=searchresults
carpenter,Kindred Construction,Vancouver (BC),$37.75 hourly,"May 14, 2026",https://www.jobbank.gc.ca/jobsearch/jobposting/49512542?source=searchresults
carpenter,True blue construction ltd.,Delta (BC),$37.00 hourly,"May 15, 2026",https://www.jobbank.gc.ca/jobsearch/jobposting/49523239?source=searchresults
painter,MLP PAINTING & CONSTRUCTION LTD.,Surrey (BC),$29.00 hourly,"May 15, 2026",https://www.jobbank.gc.ca/jobsearch/jobposting/49522369?source=searchresults
"equipment operator, heavy-duty",Regional District of Nanaimo,Nanaimo (BC),$38.55 hourly,"June 05, 2026",https://www.jobbank.gc.ca/jobsearch/jobposting/49660684?source=searchresults
"fabricator, steel",Kanex Industries,Langley (BC),$35.00 to $42.00 hourly,"June 04, 2026",https://www.jobbank.gc.ca/jobsearch/jobposting/49653735?source=searchresults
plumbing inspector,City of Burnaby,Burnaby (BC),$51.51 hourly,"June 04, 2026",https://www.jobbank.gc.ca/jobsearch/jobposting/49651865?source=searchresults
carpenter,Dycor Builders Ltd.,Vernon (BC),$31.00 to $34.00 hourly (to be negotiated),"May 22, 2026",https://www.jobbank.gc.ca/jobsearch/jobposting/49567333?source=searchresults
maintenance mechanic technician - industrial,Merlin Plastics Supply Inc.,New Westminster (BC),$27.00 to $35.00 hourly,"June 02, 2026",https://www.jobbank.gc.ca/jobsearch/jobposting/49661556?source=searchresults
apprentice electrician,Concentric Electric & Controls,Vernon (BC),$22.80 to $32.00 hourly,"June 01, 2026",https://www.jobbank.gc.ca/jobsearch/jobposting/49630693?source=searchresults
glazing estimator,Canadian Aluminum Windows (2004) Ltd.,Surrey (BC),$40.40 hourly,"May 22, 2026",https://www.jobbank.gc.ca/jobsearch/jobposting/49565205?source=searchresults
painter,SUPERIOR PAINTING LTD,Surrey (BC),$29.00 hourly,"May 22, 2026",https://www.jobbank.gc.ca/jobsearch/jobposting/49564119?source=searchresults
window installer,M-Tech Windows Ltd.,Surrey (BC),$36.60 hourly,"May 22, 2026",https://www.jobbank.gc.ca/jobsearch/jobposting/49561253?source=searchresults
apprentice electrician,Force Electric Ltd,Kamloops (BC),$25.00 to $35.00 hourly,"June 04, 2026",https://www.jobbank.gc.ca/jobsearch/jobposting/49647248?source=searchresults
carpenter,Rangi Construction Ltd.,Delta (BC),$36.60 hourly,"May 12, 2026",https://www.jobbank.gc.ca/jobsearch/jobposting/49497777?source=searchresults
civil engineering technician,District of Saanich,Saanich (BC),$39.52 hourly,"May 28, 2026",https://www.jobbank.gc.ca/jobsearch/jobposting/49606866?source=searchresults
concrete-paving machine operator,City Concrete Pumping,Langford (BC),$36.60 hourly,"May 21, 2026",https://www.jobbank.gc.ca/jobsearch/jobposting/49558764?source=searchresults
excavator operator,S&S Sand and Gravel Transportation Ltd.,Langley (BC),$38.00 hourly,"May 21, 2026",https://www.jobbank.gc.ca/jobsearch/jobposting/49558701?source=searchresults
concrete spreader operator - heavy equipment,City Concrete Pumping,Langford (BC),$36.60 hourly,"May 21, 2026",https://www.jobbank.gc.ca/jobsearch/jobposting/49558320?source=searchresults
carpenter helper,Dream House Kitchens & Interiors LTD.,Duncan (BC),$18.50 hourly,"May 21, 2026",https://www.jobbank.gc.ca/jobsearch/jobposting/49557781?source=searchresults
kitchen cabinet installer,Dream House Kitchens & Interiors LTD.,Duncan (BC),$22.50 to $30.00 hourly (to be negotiated),"May 21, 2026",https://www.jobbank.gc.ca/jobsearch/jobposting/49557780?source=searchresults
electrician,Amex Electrical Ltd,Victoria (BC),$36.60 hourly,"May 21, 2026",https://www.jobbank.gc.ca/jobsearch/jobposting/49557788?source=searchresults
carpenter,Muskan Masonry Ltd.,Surrey (BC),$37.00 hourly,"May 21, 2026",https://www.jobbank.gc.ca/jobsearch/jobposting/49557237?source=searchresults
maintenance mechanic,City of Dawson Creek,Dawson Creek (BC),$51.10 hourly,"May 27, 2026",https://www.jobbank.gc.ca/jobsearch/jobposting/49599842?source=searchresults
painter,East Van Painters,Vancouver (BC),$23.00 to $35.00 hourly,"June 07, 2026",https://www.jobbank.gc.ca/jobsearch/jobposting/49668357?source=searchresults
carpenter lead hand,Kimola Construction Ltd,Maple Ridge (BC),$44.00 hourly,"May 11, 2026",https://www.jobbank.gc.ca/jobsearch/jobposting/49493676?source=searchresults
metal fabricator,Black Box Manufacturing Inc,Delta (BC),$28.99 hourly,"May 30, 2026",https://www.jobbank.gc.ca/jobsearch/jobposting/49631130?source=searchresults
form carpenter,PDQ Construction Ltd.,Langley (BC),$37.00 hourly,"May 11, 2026",https://www.jobbank.gc.ca/jobsearch/jobposting/49494930?source=searchresults
countertop installer,Wholesale Grafix Inc,Vernon (BC),$25.00 hourly,"May 29, 2026",https://www.jobbank.gc.ca/jobsearch/jobposting/49612239?source=searchresults
mechanic helper,Jace Trucklines Ltd,Surrey (BC),$37.10 hourly,"May 20, 2026",https://www.jobbank.gc.ca/jobsearch/jobposting/49553145?source=searchresults
fence installer,Paramount Fencing,Surrey (BC),$19.00 to $26.00 hourly,"May 31, 2026",https://www.jobbank.gc.ca/jobsearch/jobposting/49621675?source=searchresults
building maintenance supervisor,JADID WINDOWS & RENOVATION LTD.,Surrey (BC),$30.00 hourly,"May 20, 2026",https://www.jobbank.gc.ca/jobsearch/jobposting/49552703?source=searchresults
painter,Universal auto Collision Ltd.,Surrey (BC),$28.00 hourly,"May 20, 2026",https://www.jobbank.gc.ca/jobsearch/jobposting/49553021?source=searchresults
mechanic helper,Unique Trucking Ltd,Richmond (BC),$25.00 hourly,"May 20, 2026",https://www.jobbank.gc.ca/jobsearch/jobposting/49552991?source=searchresults
glazier,Unger Window and Door Ltd.,Chilliwack (BC),"$95,000.00 annually","May 26, 2026",https://www.jobbank.gc.ca/jobsearch/jobposting/49614474?source=searchresults
ironworker - reinforcing rebar,IRON SKY REINFORCING LTD.,Coquitlam (BC),$39.25 hourly,"May 20, 2026",https://www.jobbank.gc.ca/jobsearch/jobposting/49552943?source=searchresults
steel stud framer - carpentry,BR WALLS & CEILINGS LTD.,Surrey (BC),$36.75 hourly,"May 20, 2026",https://www.jobbank.gc.ca/jobsearch/jobposting/49553161?source=searchresults
painter,K&A PAINTING LTD.,Surrey (BC),$36.75 hourly,"May 20, 2026",https://www.jobbank.gc.ca/jobsearch/jobposting/49552947?source=searchresults
kitchen cabinet installer,Richmond Cabinets Ltd.,Richmond (BC),"$40,000.00 to $60,000.00 annually","May 27, 2026",https://www.jobbank.gc.ca/jobsearch/jobposting/49600207?source=searchresults
geotechnical driller,Foraco,Kamloops (BC),$35.00 to $40.00 hourly (to be negotiated),"May 20, 2026",https://www.jobbank.gc.ca/jobsearch/jobposting/49550272?source=searchresults
carpenter,SUKHMANI CONTRACTING LTD,Surrey (BC),$36.75 hourly,"May 20, 2026",https://www.jobbank.gc.ca/jobsearch/jobposting/49550570?source=searchresults
carpenter,MASTER DRYWALL LTD.,Surrey (BC),$32.00 hourly,"May 20, 2026",https://www.jobbank.gc.ca/jobsearch/jobposting/49550583?source=searchresults
carpenter,City Line Investments Ltd,Surrey (BC),$31.50 hourly,"May 20, 2026",https://www.jobbank.gc.ca/jobsearch/jobposting/49550435?source=searchresults
maintenance helper This job posting is posted by a recruitment agency on behalf of the employer.,Monardos Services Inc,Vancouver (BC),$18.00 to $21.00 hourly (to be negotiated),"May 20, 2026",https://www.jobbank.gc.ca/jobsearch/jobposting/49549595?source=searchresults
electrician,Eventpower,Vancouver (BC),$38.00 to $40.00 hourly (to be negotiated),"May 20, 2026",https://www.jobbank.gc.ca/jobsearch/jobposting/49549961?source=searchresults
"equipment operator, heavy-duty",City of Duncan,Duncan (BC),$38.19 hourly,"May 25, 2026",https://www.jobbank.gc.ca/jobsearch/jobposting/49582407?source=searchresults
carpenter,Straight Up Doors and Windows Ltd,Terrace (BC),$27.00 to $40.00 hourly,"May 29, 2026",https://www.jobbank.gc.ca/jobsearch/jobposting/49614161?source=searchresults
residential painter,Sunshine Painting LTD,Chilliwack (BC),$25.00 to $35.00 hourly,"May 29, 2026",https://www.jobbank.gc.ca/jobsearch/jobposting/49614240?source=searchresults
front end loader operator,Convertus Group,Surrey (BC),$30.91 hourly,"June 05, 2026",https://www.jobbank.gc.ca/jobsearch/jobposting/49659579?source=searchresults
electrician,Dettling Electric Ltd,Penticton (BC),$38.00 to $42.00 hourly,"June 05, 2026",https://www.jobbank.gc.ca/jobsearch/jobposting/49654815?source=searchresults
heavy equipment operator,Siteline Earthworks Ltd,Chilliwack (BC),$28.00 to $40.00 hourly,"June 04, 2026",https://www.jobbank.gc.ca/jobsearch/jobposting/49654843?source=searchresults
millwright,Columbia Basin Trust and Columbia Power,Castlegar (BC),"$100,600.00 to $118,200.00 annually","June 03, 2026",https://www.jobbank.gc.ca/jobsearch/jobposting/49649314?source=searchresults
electrician,Columbia Basin Trust and Columbia Power,Castlegar (BC),"$100,600.00 to $118,200.00 annually","June 03, 2026",https://www.jobbank.gc.ca/jobsearch/jobposting/49649386?source=searchresults
carpenter,Annacis Construction Ltd.,Surrey (BC),$37.00 hourly,"May 08, 2026",https://www.jobbank.gc.ca/jobsearch/jobposting/49493614?source=searchresults
painter,Industrial Electric Manufacturing (IEM),Surrey (BC),$22.89 hourly,"June 02, 2026",https://www.jobbank.gc.ca/jobsearch/jobposting/49649288?source=searchresults
sign installer,The Sign Zone,Nanaimo (BC),$20.00 to $25.00 hourly,"June 01, 2026",https://www.jobbank.gc.ca/jobsearch/jobposting/49629410?source=searchresults
painter,Island Wide Painting,Victoria (BC),$25.00 to $30.00 hourly,"June 01, 2026",https://www.jobbank.gc.ca/jobsearch/jobposting/49628930?source=searchresults
painter,Finishing Touch Painting Ltd.,Victoria (BC),$24.00 to $30.00 hourly,"May 31, 2026",https://www.jobbank.gc.ca/jobsearch/jobposting/49620148?source=searchresults
carpentry supervisor,New World Framing ltd,Delta (BC),$38.00 hourly,"May 19, 2026",https://www.jobbank.gc.ca/jobsearch/jobposting/49546623?source=searchresults
carpenter,Up North Installations Ltd.,Langley (BC),$37.00 to $38.00 hourly (to be negotiated),"May 19, 2026",https://www.jobbank.gc.ca/jobsearch/jobposting/49546328?source=searchresults
excavating machine operator,PRAXIS SITE SERVICES LTD.,Mission (BC),$37.00 hourly,"May 19, 2026",https://www.jobbank.gc.ca/jobsearch/jobposting/49545514?source=searchresults
painter,Excel Painting,Prince George (BC),$32.00 to $34.50 hourly (to be negotiated),"May 19, 2026",https://www.jobbank.gc.ca/jobsearch/jobposting/49545547?source=searchresults
residential painter,Warline Painting Ltd.,Surrey (BC),$28.00 hourly,"May 19, 2026",https://www.jobbank.gc.ca/jobsearch/jobposting/49545620?source=searchresults
framing carpenter,Lally Framing Ltd.,Delta (BC),$37.00 hourly,"May 19, 2026",https://www.jobbank.gc.ca/jobsearch/jobposting/49545187?source=searchresults
pool servicer,City of Vancouver,Vancouver (BC),$29.95 hourly,"May 27, 2026",https://www.jobbank.gc.ca/jobsearch/jobposting/49597384?source=searchresults
electrician,GK ELECTRIC LTD.,Surrey (BC),$36.75 hourly,"May 19, 2026",https://www.jobbank.gc.ca/jobsearch/jobposting/49544521?source=searchresults
painter,JKCE PROBUILD CONTRACTING,Richmond (BC),$37.00 hourly,"May 19, 2026",https://www.jobbank.gc.ca/jobsearch/jobposting/49544490?source=searchresults
"foreman/woman, floor covering",Beyond The Turf Ltd,Surrey (BC),$30.00 to $36.60 hourly (to be negotiated),"May 19, 2026",https://www.jobbank.gc.ca/jobsearch/jobposting/49544316?source=searchresults
electrical mechanic helper,VIKOR 11 ELECTRIC INC,Burnaby (BC),$25.25 hourly,"May 19, 2026",https://www.jobbank.gc.ca/jobsearch/jobposting/49544103?source=searchresults
electrician,VIKOR 11 ELECTRIC INC,Burnaby (BC),$38.00 hourly,"May 19, 2026",https://www.jobbank.gc.ca/jobsearch/jobposting/49544276?source=searchresults
siding installer,A.J.J Siding & Soffits Ltd,Surrey (BC),$37.00 hourly,"May 19, 2026",https://www.jobbank.gc.ca/jobsearch/jobposting/49544025?source=searchresults
glazier supervisor,Kamloops Rope Access Ltd,Kamloops (BC),$40.00 hourly + 11% commission per sale,"May 19, 2026",https://www.jobbank.gc.ca/jobsearch/jobposting/49543950?source=searchresults
apprentice glazier,Kamloops Rope Access Ltd,Kamloops (BC),$20.00 to $30.00 hourly (to be negotiated),"May 19, 2026",https://www.jobbank.gc.ca/jobsearch/jobposting/49543927?source=searchresults
septic system installer,PH Contractors,Abbotsford (BC),$36.75 hourly,"May 19, 2026",https://www.jobbank.gc.ca/jobsearch/jobposting/49543498?source=searchresults
millwright,Trigon Pacific Terminals Limited,Prince Rupert (BC),$63.81 hourly,"May 30, 2026",https://www.jobbank.gc.ca/jobsearch/jobposting/49614831?source=searchresults
eavestrough installer,ProRise Gutter Company,Port Coquitlam (BC),$30.00 hourly,"May 19, 2026",https://www.jobbank.gc.ca/jobsearch/jobposting/49543316?source=searchresults
painter,Leading Edge Drywall Ltd,Surrey (BC),$36.60 hourly,"May 19, 2026",https://www.jobbank.gc.ca/jobsearch/jobposting/49543211?source=searchresults
carpenter,Aroma Interiors Ltd.,Richmond (BC),$37.00 hourly,"May 19, 2026",https://www.jobbank.gc.ca/jobsearch/jobposting/49542910?source=searchresults
residential painter,Sunshine Painting LTD,Chilliwack (BC),$25.00 to $32.00 hourly,"May 29, 2026",https://www.jobbank.gc.ca/jobsearch/jobposting/49614512?source=searchresults
mechanic helper,GULZAR TRANSPORT INC.,Delta (BC),$25.00 hourly,"May 19, 2026",https://www.jobbank.gc.ca/jobsearch/jobposting/49542842?source=searchresults
kitchen cabinet installer,Regency West Custom Cabinets,Mission (BC),$30.00 to $40.00 hourly,"May 29, 2026",https://www.jobbank.gc.ca/jobsearch/jobposting/49613573?source=searchresults
demolition foreman/woman,Bhullar Excavating and Demolition Inc,Richmond (BC),$36.65 hourly,"May 19, 2026",https://www.jobbank.gc.ca/jobsearch/jobposting/49542095?source=searchresults
concrete pump operator,Brinx Concrete Pumping,Chilliwack (BC),$29.51 to $44.88 hourly,"May 29, 2026",https://www.jobbank.gc.ca/jobsearch/jobposting/49612937?source=searchresults
painter,Industrial Electric Manufacturing (IEM),Surrey (BC),$22.89 hourly,"May 29, 2026",https://www.jobbank.gc.ca/jobsearch/jobposting/49623995?source=searchresults
painter,Amax Painting Ltd.,Surrey (BC),$27.50 hourly,"May 19, 2026",https://www.jobbank.gc.ca/jobsearch/jobposting/49539787?source=searchresults
carpenter,Neat Construction,Surrey (BC),$37.00 hourly,"April 30, 2026",https://www.jobbank.gc.ca/jobsearch/jobposting/49429014?source=searchresults
painter,QKD Construction Ltd.,Vancouver (BC),$29.00 to $37.00 hourly (to be negotiated),"April 30, 2026",https://www.jobbank.gc.ca/jobsearch/jobposting/49429010?source=searchresults
carpenter,777 Construction Ltd.,Surrey (BC),$37.00 hourly,"April 29, 2026",https://www.jobbank.gc.ca/jobsearch/jobposting/49422758?source=searchresults
carpenter,PDQ Construction Ltd.,Langley (BC),$37.00 hourly,"April 29, 2026",https://www.jobbank.gc.ca/jobsearch/jobposting/49420719?source=searchresults
carpenter supervisor,V Construction,Vancouver (BC),$38.00 hourly,"April 29, 2026",https://www.jobbank.gc.ca/jobsearch/jobposting/49420717?source=searchresults
carpenter,6 AM Construction Ltd,Langford (BC),$36.60 hourly,"May 08, 2026",https://www.jobbank.gc.ca/jobsearch/jobposting/49493714?source=searchresults
electrician,United Electrical Systems Ltd.,Vancouver (BC),$44.00 to $47.00 hourly,"May 28, 2026",https://www.jobbank.gc.ca/jobsearch/jobposting/49601085?source=searchresults
painter,Merit Kitchens,Surrey (BC),$25.00 to $30.00 hourly,"May 28, 2026",https://www.jobbank.gc.ca/jobsearch/jobposting/49624283?source=searchresults
siding installer,MOONRISE CONSTRUCTION LTD.,Abbotsford (BC),$37.00 hourly,"April 17, 2026",https://www.jobbank.gc.ca/jobsearch/jobposting/49356249?source=searchresults
carpenter,Tradewell Construction ltd.,Surrey (BC),$37.50 hourly,"April 16, 2026",https://www.jobbank.gc.ca/jobsearch/jobposting/49350035?source=searchresults
carpenter,JAZZ CONSTRUCTIONS,Surrey (BC),$34.00 hourly,"April 13, 2026",https://www.jobbank.gc.ca/jobsearch/jobposting/49304067?source=searchresults
carpenter,Pick Up Construction Ltd.,Victoria (BC),$37.00 hourly,"April 08, 2026",https://www.jobbank.gc.ca/jobsearch/jobposting/49241318?source=searchresults
carpenter,WALLTEK CONSTRUCTIONS LTD.,Surrey (BC),$37.00 hourly,"April 01, 2026",https://www.jobbank.gc.ca/jobsearch/jobposting/49206697?source=searchresults
carpenter,Khosa Construction Ltd.,Surrey (BC),$36.60 hourly,"April 01, 2026",https://www.jobbank.gc.ca/jobsearch/jobposting/49206769?source=searchresults
framer-carpenter,Mesh Construction Ltd.,Surrey (BC),$36.60 hourly,"March 30, 2026",https://www.jobbank.gc.ca/jobsearch/jobposting/49196306?source=searchresults
carpenter,Newform Construction Ltd.,Surrey (BC),$36.00 hourly,"March 28, 2026",https://www.jobbank.gc.ca/jobsearch/jobposting/49189714?source=searchresults
carpenter,MVC Construction Ltd,Surrey (BC),$31.60 hourly,"March 26, 2026",https://www.jobbank.gc.ca/jobsearch/jobposting/49180676?source=searchresults
painter,Bhaji Construction,Terrace (BC),$30.00 hourly,"March 26, 2026",https://www.jobbank.gc.ca/jobsearch/jobposting/49521196?source=searchresults
carpenter,Zorawar Construction,Surrey (BC),$36.60 hourly,"March 26, 2026",https://www.jobbank.gc.ca/jobsearch/jobposting/49179546?source=searchresults
framer-carpenter,anahat construction ltd.,Surrey (BC),$36.65 hourly,"March 26, 2026",https://www.jobbank.gc.ca/jobsearch/jobposting/49179054?source=searchresults
carpenters foreman/woman,Rooster Construction,Surrey (BC),$38.00 hourly,"March 24, 2026",https://www.jobbank.gc.ca/jobsearch/jobposting/49168254?source=searchresults
siding installer,Ramiro Construction Ltd,Surrey (BC),$28.00 hourly,"March 24, 2026",https://www.jobbank.gc.ca/jobsearch/jobposting/49168217?source=searchresults
steel stud framer - carpentry,Megacity Construction Ltd.,Victoria (BC),$36.60 hourly,"March 24, 2026",https://www.jobbank.gc.ca/jobsearch/jobposting/49543251?source=searchresults
carpenter,Amplified Construction Ltd,Surrey (BC),$36.60 hourly,"March 23, 2026",https://www.jobbank.gc.ca/jobsearch/jobposting/49161740?source=searchresults
carpenter,Alpha1 Constructions Ltd.,Langford (BC),$37.00 hourly,"March 20, 2026",https://www.jobbank.gc.ca/jobsearch/jobposting/49144906?source=searchresults
painter,Muskaan Constructions Ltd,Surrey (BC),$28.00 hourly,"March 19, 2026",https://www.jobbank.gc.ca/jobsearch/jobposting/49139960?source=searchresults
carpenter,Friendly Construction Ltd,Surrey (BC),$36.60 hourly,"March 09, 2026",https://www.jobbank.gc.ca/jobsearch/jobposting/49588721?source=searchresults
carpenter,Shine Construction Ltd,Surrey (BC),$36.70 hourly,"March 06, 2026",https://www.jobbank.gc.ca/jobsearch/jobposting/49057508?source=searchresults
finish carpenter,QKD Construction Ltd.,Vancouver (BC),$32.00 to $38.00 hourly (to be negotiated),"March 03, 2026",https://www.jobbank.gc.ca/jobsearch/jobposting/49035489?source=searchresults
framing carpenter,IBS Construction Ltd,Surrey (BC),$37.00 hourly,"February 24, 2026",https://www.jobbank.gc.ca/jobsearch/jobposting/48999942?source=searchresults
finish carpenter,KJN Construction Ltd.,Surrey (BC),$36.60 hourly,"February 24, 2026",https://www.jobbank.gc.ca/jobsearch/jobposting/48999534?source=searchresults
carpenter,Sosan Construction ltd.,Abbotsford (BC),$36.60 hourly,"February 17, 2026",https://www.jobbank.gc.ca/jobsearch/jobposting/48961781?source=searchresults
painter,Shine Construction Ltd,Surrey (BC),$36.70 hourly,"February 17, 2026",https://www.jobbank.gc.ca/jobsearch/jobposting/48961399?source=searchresults
carpenter,Proteus Construction Ltd.,Surrey (BC),$37.00 hourly,"February 13, 2026",https://www.jobbank.gc.ca/jobsearch/jobposting/48940117?source=searchresults
painter,Zorawar Construction,Surrey (BC),$37.00 hourly,"February 13, 2026",https://www.jobbank.gc.ca/jobsearch/jobposting/48939712?source=searchresults
apprentice electrician,ANSER/Prima Power Systems Inc.,Abbotsford (BC),$22.00 to $30.00 hourly,"May 27, 2026",https://www.jobbank.gc.ca/jobsearch/jobposting/49597941?source=searchresults
heavy equipment operator,The Teal-Jones Group,Surrey (BC),$28.00 to $33.00 hourly,"May 25, 2026",https://www.jobbank.gc.ca/jobsearch/jobposting/49584929?source=searchresults
carpenter,MILITARY HOMES CONSTRUCTION LTD,Delta (BC),$37.00 hourly,"May 07, 2026",https://www.jobbank.gc.ca/jobsearch/jobposting/49479326?source=searchresults
plant operations vice-president,Prime Health Ltd.,Maple Ridge (BC),$57.75 hourly,"May 18, 2026",https://www.jobbank.gc.ca/jobsearch/jobposting/49538207?source=searchresults
mechanic helper,TRIPLE S TRUCK TIRES & TRAILER REPAIR LTD.,Delta (BC),$25.00 hourly,"May 18, 2026",https://www.jobbank.gc.ca/jobsearch/jobposting/49538004?source=searchresults
drywall installer supervisor,Royal Drywall Ltd,Burnaby (BC),$37.50 hourly,"May 18, 2026",https://www.jobbank.gc.ca/jobsearch/jobposting/49537635?source=searchresults
"carpenter, framing",Hi Fi Framing Ltd,Surrey (BC),$36.65 hourly,"May 18, 2026",https://www.jobbank.gc.ca/jobsearch/jobposting/49537071?source=searchresults
industrial mechanic and millwright,NICHOLSON MANUFACTURING,Sidney (BC),$46.27 hourly,"May 26, 2026",https://www.jobbank.gc.ca/jobsearch/jobposting/49590539?source=searchresults
electrician,GK Group Construction Ltd.,Surrey (BC),$36.75 hourly,"May 05, 2026",https://www.jobbank.gc.ca/jobsearch/jobposting/49460256?source=searchresults
carpenter,Bright Concept Construction Ltd,Abbotsford (BC),$32.00 hourly,"May 04, 2026",https://www.jobbank.gc.ca/jobsearch/jobposting/49449608?source=searchresults
carpenter,RAI BROS. CONSTRUCTION LTD.,Surrey (BC),$37.00 hourly,"May 03, 2026",https://www.jobbank.gc.ca/jobsearch/jobposting/49444148?source=searchresults
carpenter,Bal Buddies Construction Ltd.,Kelowna (BC),$37.00 hourly,"May 01, 2026",https://www.jobbank.gc.ca/jobsearch/jobposting/49432936?source=searchresults
Concrete finishing supervisor,Sams Concrete Company,Richmond (BC),$38.00 to $40.00 hourly (to be negotiated),"May 18, 2026",https://www.jobbank.gc.ca/jobsearch/jobposting/49534437?source=searchresults
carpenter,Meera.C Construction Co.,Surrey (BC),$37.00 hourly,"April 30, 2026",https://www.jobbank.gc.ca/jobsearch/jobposting/49430700?source=searchresults
siding installer,N.T & M.T Construction co.,Surrey (BC),$37.00 hourly,"May 07, 2026",https://www.jobbank.gc.ca/jobsearch/jobposting/49478841?source=searchresults
framer-carpenter,Alpha Elite Construction Ltd.,Surrey (BC),$36.70 hourly,"April 27, 2026",https://www.jobbank.gc.ca/jobsearch/jobposting/49407696?source=searchresults
painter,Nihal Amsan Construction Ltd,Kamloops (BC),$37.00 hourly,"April 22, 2026",https://www.jobbank.gc.ca/jobsearch/jobposting/49381457?source=searchresults
steel stud framer - carpentry,BLUE ROSE CONSTRUCTION LTD,Surrey (BC),$37.50 hourly,"April 13, 2026",https://www.jobbank.gc.ca/jobsearch/jobposting/49300518?source=searchresults
carpenter,Rehat Roofing & Construction Ltd.,Surrey (BC),$36.70 hourly,"April 09, 2026",https://www.jobbank.gc.ca/jobsearch/jobposting/49250026?source=searchresults
carpenter,Ming Hang Construction Ltd,Burnaby (BC),$32.00 hourly,"April 07, 2026",https://www.jobbank.gc.ca/jobsearch/jobposting/49233475?source=searchresults
carpenter,G&G Construction,Port Coquitlam (BC),$36.60 hourly,"April 06, 2026",https://www.jobbank.gc.ca/jobsearch/jobposting/49228239?source=searchresults
framer-carpenter,FAIR WORK CONSTRUCTION LTD.,Surrey (BC),$36.60 hourly,"March 31, 2026",https://www.jobbank.gc.ca/jobsearch/jobposting/49201439?source=searchresults
carpenter,Finish Touch Construction Ltd.,Delta (BC),$34.70 hourly,"March 31, 2026",https://www.jobbank.gc.ca/jobsearch/jobposting/49459692?source=searchresults
electrician,Harman Elite Construction Ltd,Surrey (BC),$36.60 hourly,"March 27, 2026",https://www.jobbank.gc.ca/jobsearch/jobposting/49185805?source=searchresults
painter,HOME BY IDEAL CONSTRUCTION LTD.,Langford (BC),$27.50 hourly,"March 26, 2026",https://www.jobbank.gc.ca/jobsearch/jobposting/49180668?source=searchresults
carpenter,A1 BC Construction Ltd.,Surrey (BC),$37.00 hourly,"March 26, 2026",https://www.jobbank.gc.ca/jobsearch/jobposting/49180039?source=searchresults
steel stud framer - carpentry,POINT MARK CONSTRUCTION LTD,Surrey (BC),$36.60 hourly,"March 25, 2026",https://www.jobbank.gc.ca/jobsearch/jobposting/49175195?source=searchresults
carpenter,Italian Boys Construction Ltd.,Surrey (BC),$37.00 hourly,"March 24, 2026",https://www.jobbank.gc.ca/jobsearch/jobposting/49168285?source=searchresults
painter,Galaxy IDP Construction Ltd.,Delta (BC),$37.00 hourly,"March 18, 2026",https://www.jobbank.gc.ca/jobsearch/jobposting/49132197?source=searchresults
framer-carpenter,RAI STAR CONSTRUCTION LTD.,Delta (BC),$32.00 hourly,"March 16, 2026",https://www.jobbank.gc.ca/jobsearch/jobposting/49117234?source=searchresults
carpenter,S & NJ Construction LTD,Surrey (BC),$37.00 hourly,"March 13, 2026",https://www.jobbank.gc.ca/jobsearch/jobposting/49102832?source=searchresults
carpenter,CITIFIED PLANNING & CONSTRUCTION LTD.,Surrey (BC),$36.60 hourly,"March 11, 2026",https://www.jobbank.gc.ca/jobsearch/jobposting/49088641?source=searchresults
carpenter,DAMON-J CONSTRUCTION LTD,Surrey (BC),$31.60 hourly,"March 06, 2026",https://www.jobbank.gc.ca/jobsearch/jobposting/49058479?source=searchresults
carpenter,Sky form Construction Ltd,Surrey (BC),$36.60 hourly,"March 04, 2026",https://www.jobbank.gc.ca/jobsearch/jobposting/49043431?source=searchresults
carpenter,Rolaas Drywall Construction Ltd,Surrey (BC),$36.60 hourly,"March 03, 2026",https://www.jobbank.gc.ca/jobsearch/jobposting/49520784?source=searchresults
carpenter,NIGHT BLINK CONSTRUCTION LTD.,Surrey (BC),$37.00 hourly,"March 02, 2026",https://www.jobbank.gc.ca/jobsearch/jobposting/49029977?source=searchresults
carpenter,TRAV Construction Inc.,Abbotsford (BC),$37.00 hourly,"March 02, 2026",https://www.jobbank.gc.ca/jobsearch/jobposting/49029166?source=searchresults
painter,Rolaas Drywall Construction Ltd,Surrey (BC),$28.00 hourly,"February 27, 2026",https://www.jobbank.gc.ca/jobsearch/jobposting/49520785?source=searchresults
painter,HALLMARK PAINTING & CONSTRUCTIONS LTD.,Surrey (BC),$28.00 hourly,"February 19, 2026",https://www.jobbank.gc.ca/jobsearch/jobposting/49475528?source=searchresults
framer-carpenter,sg bros construction ltd,Surrey (BC),$36.60 hourly,"February 18, 2026",https://www.jobbank.gc.ca/jobsearch/jobposting/49441905?source=searchresults
carpenter,TPD CONSTRUCTION WORKS LTD.,Abbotsford (BC),$36.60 hourly,"February 18, 2026",https://www.jobbank.gc.ca/jobsearch/jobposting/48963099?source=searchresults
carpenter helper,STRONGFORCE CONSTRUCTION INC,Richmond (BC),$25.00 hourly,"February 17, 2026",https://www.jobbank.gc.ca/jobsearch/jobposting/48961569?source=searchresults
siding installer,A & J Sekhon Construction Ltd,Surrey (BC),$37.00 hourly,"February 11, 2026",https://www.jobbank.gc.ca/jobsearch/jobposting/48930135?source=searchresults
glazier,ALPRO ALUMINUM PRODUCTS LTD,Richmond (BC),$31.00 hourly,"May 17, 2026",https://www.jobbank.gc.ca/jobsearch/jobposting/49533352?source=searchresults
carpenter,West Coast Building Restoration Inc.,Maple Ridge (BC),$37.00 hourly,"May 17, 2026",https://www.jobbank.gc.ca/jobsearch/jobposting/49532758?source=searchresults
carpenter,M Jot 1313 Construction Ltd.,Kelowna (BC),$36.60 hourly,"April 29, 2026",https://www.jobbank.gc.ca/jobsearch/jobposting/49422612?source=searchresults
carpenter,3K Construction & Framing Inc.,Surrey (BC),$36.60 hourly,"April 10, 2026",https://www.jobbank.gc.ca/jobsearch/jobposting/49254471?source=searchresults
carpenter,APCON CONSTRUCTION GROUP OF COMPANIES LTD.,Surrey (BC),$37.00 hourly,"March 25, 2026",https://www.jobbank.gc.ca/jobsearch/jobposting/49175211?source=searchresults
carpenter,ARONA FRAMING & CONSTRUCTION INC,Surrey (BC),$36.70 hourly,"February 20, 2026",https://www.jobbank.gc.ca/jobsearch/jobposting/48979356?source=searchresults
carpenter,S & S BROTHERS CONSTRUCTION LTD.,Surrey (BC),$36.60 hourly,"February 17, 2026",https://www.jobbank.gc.ca/jobsearch/jobposting/48961062?source=searchresults
carpenter,Westren Pre Fab & Construction Limited,Surrey (BC),$36.60 hourly,"April 21, 2026",https://www.jobbank.gc.ca/jobsearch/jobposting/49376545?source=searchresults
carpenter,GRAND FINALE CONSTRUCTION GROUP INCORPORATED,Surrey (BC),$37.50 hourly,"March 04, 2026",https://www.jobbank.gc.ca/jobsearch/jobposting/49041791?source=searchresults
millwright,Silver Hills Bakery,Mission (BC),$130.00 daily,"May 23, 2026",https://www.jobbank.gc.ca/jobsearch/jobposting/49633805?source=searchresults
millwright,IMW Industries dba Clean Energy,Chilliwack (BC),$38.00 to $45.00 hourly,"May 23, 2026",https://www.jobbank.gc.ca/jobsearch/jobposting/49647977?source=searchresults
painter,wonderwalls painting,Vancouver (BC),$28.00 to $35.00 hourly,"May 22, 2026",https://www.jobbank.gc.ca/jobsearch/jobposting/49560465?source=searchresults
millwright,Rossdown Natural Foods,Abbotsford (BC),$45.00 hourly,"May 20, 2026",https://www.jobbank.gc.ca/jobsearch/jobposting/49553447?source=searchresults
carpenter,Revolt Homes Ltd.,Chilliwack (BC),$37.00 hourly,"May 15, 2026",https://www.jobbank.gc.ca/jobsearch/jobposting/49524335?source=searchresults
carpenter,Bhoewalia Contracting Inc.,Surrey (BC),$31.50 hourly,"May 15, 2026",https://www.jobbank.gc.ca/jobsearch/jobposting/49523192?source=searchresults
carpenter,GTR Drywall Ltd.,Surrey (BC),$37.00 hourly,"May 15, 2026",https://www.jobbank.gc.ca/jobsearch/jobposting/49523078?source=searchresults
painter,Enactpro Contracting Ltd.,Burnaby (BC),$30.00 hourly,"May 15, 2026",https://www.jobbank.gc.ca/jobsearch/jobposting/49522864?source=searchresults
electrician,Avina Fresh Produce Ltd,Abbotsford (BC),$35.00 to $40.00 hourly,"May 19, 2026",https://www.jobbank.gc.ca/jobsearch/jobposting/49546534?source=searchresults
mechanic's helper - automotive,ALLIED AUTO REPAIR LTD,Surrey (BC),$18.50 hourly,"May 14, 2026",https://www.jobbank.gc.ca/jobsearch/jobposting/49515336?source=searchresults
painter,Amira's Painting Ltd.,Langford (BC),$22.00 to $30.00 hourly,"May 21, 2026",https://www.jobbank.gc.ca/jobsearch/jobposting/49648418?source=searchresults
electrician,BEST CHOICE ELECTRICAL LTD.,Surrey (BC),$37.00 hourly,"May 13, 2026",https://www.jobbank.gc.ca/jobsearch/jobposting/49508474?source=searchresults
painter,TRIKON PAINTING LTD,Surrey (BC),$28.85 hourly,"May 13, 2026",https://www.jobbank.gc.ca/jobsearch/jobposting/49507400?source=searchresults
carpenter lead hand,Daizen Joinery Ltd.,Kamloops (BC),$37.00 hourly,"May 13, 2026",https://www.jobbank.gc.ca/jobsearch/jobposting/49506411?source=searchresults
painter,Riar Painting Ltd.,Surrey (BC),$36.75 hourly,"May 13, 2026",https://www.jobbank.gc.ca/jobsearch/jobposting/49505908?source=searchresults
painter,Well Pro Painting Ltd.,Surrey (BC),$37.00 hourly,"May 13, 2026",https://www.jobbank.gc.ca/jobsearch/jobposting/49505888?source=searchresults
glazier,Enerstar Windows Ltd,Surrey (BC),$36.60 hourly,"May 13, 2026",https://www.jobbank.gc.ca/jobsearch/jobposting/49505503?source=searchresults
carpenter,ELG Carpenters Corp Inc,Vancouver (BC),$36.60 hourly,"May 13, 2026",https://www.jobbank.gc.ca/jobsearch/jobposting/49505425?source=searchresults
heavy-duty equipment operator,Immortal Plumbing and Heating Ltd.,Surrey (BC),$37.50 hourly,"May 13, 2026",https://www.jobbank.gc.ca/jobsearch/jobposting/49505419?source=searchresults
electrician,West Electric,Whistler (BC),$38.00 to $48.00 hourly,"May 20, 2026",https://www.jobbank.gc.ca/jobsearch/jobposting/49550819?source=searchresults
residential painter,West Coat Painters Inc,Westside (BC),$37.00 hourly,"May 13, 2026",https://www.jobbank.gc.ca/jobsearch/jobposting/49503152?source=searchresults
carpenter,Maccane Development Inc,Vernon (BC),$37.00 hourly,"May 12, 2026",https://www.jobbank.gc.ca/jobsearch/jobposting/49499788?source=searchresults
carpenter,New Surrey Cabinet Doors Ltd,Surrey (BC),$32.00 hourly,"May 12, 2026",https://www.jobbank.gc.ca/jobsearch/jobposting/49499789?source=searchresults
concrete finishers foreman/woman,Columbia Concrete Inc.,Invermere (BC),$40.00 hourly,"May 12, 2026",https://www.jobbank.gc.ca/jobsearch/jobposting/49499513?source=searchresults
asbestos removal supervisor,Ace Environmental Services Ltd.,Burnaby (BC),$37.50 hourly,"May 12, 2026",https://www.jobbank.gc.ca/jobsearch/jobposting/49498948?source=searchresults
carpenter,Sunflex Windows and Doors Renovations Ltd,Surrey (BC),$31.00 hourly,"May 12, 2026",https://www.jobbank.gc.ca/jobsearch/jobposting/49498062?source=searchresults
carpenter,Try Best Roofing Ltd,Surrey (BC),$36.60 hourly,"May 12, 2026",https://www.jobbank.gc.ca/jobsearch/jobposting/49498040?source=searchresults
carpenter,WISTERIA INDUSTRIES INC.,Langley (BC),$36.60 hourly,"May 12, 2026",https://www.jobbank.gc.ca/jobsearch/jobposting/49497776?source=searchresults
electrician,MAG Roofing,Mission (BC),$30.00 to $40.00 hourly,"May 20, 2026",https://www.jobbank.gc.ca/jobsearch/jobposting/49547022?source=searchresults
painter,PUROCLEAN RESTORATION,Surrey (BC),$37.00 hourly,"May 11, 2026",https://www.jobbank.gc.ca/jobsearch/jobposting/49494233?source=searchresults
siding installer,Green City Drywall Ltd,Victoria (BC),$36.60 hourly,"May 11, 2026",https://www.jobbank.gc.ca/jobsearch/jobposting/49494249?source=searchresults
carpenter,Akaash Designs Inc,Surrey (BC),$36.60 hourly,"May 11, 2026",https://www.jobbank.gc.ca/jobsearch/jobposting/49493805?source=searchresults
painter,Godinez Painting Inc,Maple Ridge (BC),$28.00 hourly,"May 11, 2026",https://www.jobbank.gc.ca/jobsearch/jobposting/49493851?source=searchresults
carpenter,Sigma Cabinets Inc,Surrey (BC),$37.00 hourly,"May 11, 2026",https://www.jobbank.gc.ca/jobsearch/jobposting/49493934?source=searchresults
ironworker,CANWIDE STEEL LTD.,Surrey (BC),$38.50 hourly,"May 11, 2026",https://www.jobbank.gc.ca/jobsearch/jobposting/49493943?source=searchresults
siding installer,WEST COAST INTEGRITY CONTRACTING LTD.,Surrey (BC),$36.60 hourly,"May 11, 2026",https://www.jobbank.gc.ca/jobsearch/jobposting/49494941?source=searchresults
carpenter,Union Allied Capital Corporation,Richmond (BC),$37.00 hourly,"May 11, 2026",https://www.jobbank.gc.ca/jobsearch/jobposting/49493140?source=searchresults
framing carpenter,Active Framing Ltd.,Surrey (BC),$31.00 to $40.00 hourly (to be negotiated),"May 11, 2026",https://www.jobbank.gc.ca/jobsearch/jobposting/49493584?source=searchresults
paving foreman/woman,RIDGEVIEW PAVING LTD.,Surrey (BC),$41.00 hourly,"May 11, 2026",https://www.jobbank.gc.ca/jobsearch/jobposting/49493731?source=searchresults
carpenter,All Season Waterproofing Installations Ltd.,Surrey (BC),$36.00 hourly,"May 11, 2026",https://www.jobbank.gc.ca/jobsearch/jobposting/49493678?source=searchresults
carpenter,Home Craft Siding & Soffits Ltd.,Surrey (BC),$36.70 hourly,"May 11, 2026",https://www.jobbank.gc.ca/jobsearch/jobposting/49494545?source=searchresults
carpenter,Megahertz Contracting Ltd.,Surrey (BC),$36.60 hourly,"May 11, 2026",https://www.jobbank.gc.ca/jobsearch/jobposting/49494518?source=searchresults
carpenter,C R Cabinets Ltd,Langley (BC),$36.70 hourly,"May 11, 2026",https://www.jobbank.gc.ca/jobsearch/jobposting/49493066?source=searchresults
carpenter,OMAX DRYWALL CO,Surrey (BC),$37.00 hourly,"May 11, 2026",https://www.jobbank.gc.ca/jobsearch/jobposting/49494948?source=searchresults
carpenter,Mainland Solutions,Surrey (BC),$36.70 hourly,"May 09, 2026",https://www.jobbank.gc.ca/jobsearch/jobposting/49493467?source=searchresults
carpenter,J Star Siding & Soffits Ltd,Surrey (BC),$36.70 hourly,"May 09, 2026",https://www.jobbank.gc.ca/jobsearch/jobposting/49494014?source=searchresults
"installer, awnings",Shade Sails Canada Inc,Revelstoke (BC),$31.00 hourly,"May 09, 2026",https://www.jobbank.gc.ca/jobsearch/jobposting/49492220?source=searchresults
carpenter,Best Choice Form Rental Ltd.,Surrey (BC),$36.60 hourly,"May 08, 2026",https://www.jobbank.gc.ca/jobsearch/jobposting/49493680?source=searchresults
painter,UPPAL PAINTING LTD.,Surrey (BC),$28.00 hourly,"May 08, 2026",https://www.jobbank.gc.ca/jobsearch/jobposting/49493677?source=searchresults
carpenter,Apna Professional Framing Ltd.,Surrey (BC),$37.00 hourly,"May 08, 2026",https://www.jobbank.gc.ca/jobsearch/jobposting/49493566?source=searchresults
carpenter,Leading Edge Drywall Ltd,Surrey (BC),$37.00 hourly,"May 08, 2026",https://www.jobbank.gc.ca/jobsearch/jobposting/49493706?source=searchresults
carpenter,The Best Siding Const. Ltd.,Surrey (BC),$36.60 hourly,"May 08, 2026",https://www.jobbank.gc.ca/jobsearch/jobposting/49492607?source=searchresults
glazier,Siber Facade Group Inc.,Burnaby (BC),$36.60 hourly,"May 08, 2026",https://www.jobbank.gc.ca/jobsearch/jobposting/49492939?source=searchresults
mechanic helper,White Rock Automotive Services Ltd.,Surrey (BC),$24.25 hourly,"May 08, 2026",https://www.jobbank.gc.ca/jobsearch/jobposting/49493188?source=searchresults
kitchen cabinet installer,Atlas One Kitchen Cabinets Ltd.,Surrey (BC),$36.75 hourly,"May 08, 2026",https://www.jobbank.gc.ca/jobsearch/jobposting/49492833?source=searchresults
maintenance mechanic,Metro Vancouver,Richmond (BC),$47.88 hourly,"May 15, 2026",https://www.jobbank.gc.ca/jobsearch/jobposting/49522872?source=searchresults
civil engineering technician,District of Oak Bay,Oak Bay (BC),$43.92 hourly,"May 15, 2026",https://www.jobbank.gc.ca/jobsearch/jobposting/49522875?source=searchresults
Roofing labourer,G&G Roofing Ltd,Parksville (BC),$20.69 to $24.82 hourly (to be negotiated),"May 07, 2026",https://www.jobbank.gc.ca/jobsearch/jobposting/49479096?source=searchresults
electrician,White Bright Electric Ltd.,Surrey (BC),$37.00 hourly,"May 07, 2026",https://www.jobbank.gc.ca/jobsearch/jobposting/49478429?source=searchresults
carpenter,SRS Drywall Ltd,Burnaby (BC),$36.80 hourly,"May 07, 2026",https://www.jobbank.gc.ca/jobsearch/jobposting/49478057?source=searchresults
glazier,Blue Horse Glass Inc.,Terrace (BC),$37.00 hourly,"May 07, 2026",https://www.jobbank.gc.ca/jobsearch/jobposting/49476624?source=searchresults
bathtub liner installer,Valley Acrylic Bath Ltd.,Mission (BC),$21.00 hourly,"May 07, 2026",https://www.jobbank.gc.ca/jobsearch/jobposting/49476070?source=searchresults
carpenter,Right-Link Transport Ltd.,Abbotsford (BC),$37.00 hourly,"May 07, 2026",https://www.jobbank.gc.ca/jobsearch/jobposting/49476068?source=searchresults
painter,Accurate Metal Powder Coating Ltd.,Surrey (BC),$28.00 hourly,"May 06, 2026",https://www.jobbank.gc.ca/jobsearch/jobposting/49469067?source=searchresults
painter,Valor Painting,Ainsworth Hot Springs (BC),$27.00 hourly,"May 06, 2026",https://www.jobbank.gc.ca/jobsearch/jobposting/49468392?source=searchresults
maintenance painter,Utter Touch Maintenance Inc.,Vancouver (BC),$27.50 hourly,"May 06, 2026",https://www.jobbank.gc.ca/jobsearch/jobposting/49467958?source=searchresults
excavating machine operator,Hans Demolition & Excavation Ltd,Surrey (BC),$37.50 hourly,"May 05, 2026",https://www.jobbank.gc.ca/jobsearch/jobposting/49462020?source=searchresults
window shade installer,H.T. INDUSTRIES INC.,Surrey (BC),$36.60 hourly,"May 05, 2026",https://www.jobbank.gc.ca/jobsearch/jobposting/49461813?source=searchresults
renovation carpenter,Call the Guy,Whistler (BC),$37.00 hourly,"May 05, 2026",https://www.jobbank.gc.ca/jobsearch/jobposting/49461540?source=searchresults
carpenter,Samara Framing Ltd.,Surrey (BC),$36.70 hourly,"May 05, 2026",https://www.jobbank.gc.ca/jobsearch/jobposting/49461141?source=searchresults
glazier,Future Tech Glass and Closet Organizers,Surrey (BC),$37.50 hourly,"May 05, 2026",https://www.jobbank.gc.ca/jobsearch/jobposting/49461105?source=searchresults
framer-carpenter,Camosack Property Services Inc.,Victoria (BC),$32.00 to $38.00 hourly (to be negotiated),"May 05, 2026",https://www.jobbank.gc.ca/jobsearch/jobposting/49460268?source=searchresults
building maintenance supervisor,Takhar Drywall Ltd.,Surrey (BC),$37.50 hourly,"May 05, 2026",https://www.jobbank.gc.ca/jobsearch/jobposting/49459769?source=searchresults
carpenter,REVOLUTION KITCHEN IDEA LTD,Surrey (BC),$37.00 hourly,"May 05, 2026",https://www.jobbank.gc.ca/jobsearch/jobposting/49459707?source=searchresults
building maintenance supervisor,Spick-and-Span Janitorial Services,Burnaby (BC),$37.50 hourly,"May 05, 2026",https://www.jobbank.gc.ca/jobsearch/jobposting/49457926?source=searchresults
duct installer,BEST HVAC SOLUTIONS LTD.,Surrey (BC),$36.60 hourly,"May 04, 2026",https://www.jobbank.gc.ca/jobsearch/jobposting/49451451?source=searchresults
cable installer helper,Techno Way Installation ltd.,Abbotsford (BC),$37.00 hourly,"May 04, 2026",https://www.jobbank.gc.ca/jobsearch/jobposting/49451360?source=searchresults
carpenter,Ajuni Doors Ltd.,Surrey (BC),$31.60 hourly,"May 04, 2026",https://www.jobbank.gc.ca/jobsearch/jobposting/49451332?source=searchresults
carpenter,Fairmont Window,Richmond (BC),$37.00 hourly,"May 04, 2026",https://www.jobbank.gc.ca/jobsearch/jobposting/49451036?source=searchresults
electrician,Dream Electric Ltd.,Surrey (BC),$37.00 hourly,"May 04, 2026",https://www.jobbank.gc.ca/jobsearch/jobposting/49450805?source=searchresults
industrial mechanic,EAGLE DISPOSAL INC,Richmond (BC),$37.00 hourly,"May 04, 2026",https://www.jobbank.gc.ca/jobsearch/jobposting/49450471?source=searchresults
kitchen cabinet installer,Danma Kitchen Cabinets Ltd.,Delta (BC),$37.00 hourly,"May 04, 2026",https://www.jobbank.gc.ca/jobsearch/jobposting/49450293?source=searchresults
"carpenter, houses",TQ DESIGN CABINETRY,Coquitlam (BC),$30.00 to $35.00 hourly (to be negotiated),"May 03, 2026",https://www.jobbank.gc.ca/jobsearch/jobposting/49442034?source=searchresults
electrical apprentice,SMARTWORK ELECTRICAL LTD,Surrey (BC),$18.14 to $38.34 hourly,"May 15, 2026",https://www.jobbank.gc.ca/jobsearch/jobposting/49523785?source=searchresults
painter,Caddy Painting and Renovations Ltd.,Surrey (BC),$29.50 hourly,"May 01, 2026",https://www.jobbank.gc.ca/jobsearch/jobposting/49434598?source=searchresults
drapery installer,Blindscape Industries Inc.,Langley (BC),$27.00 hourly,"May 01, 2026",https://www.jobbank.gc.ca/jobsearch/jobposting/49434575?source=searchresults
glazier,Alliance Glass Doors Inc,Surrey (BC),$37.50 hourly,"May 01, 2026",https://www.jobbank.gc.ca/jobsearch/jobposting/49433653?source=searchresults
siding installer,Anand Siding Ltd.,Surrey (BC),$28.00 hourly,"April 30, 2026",https://www.jobbank.gc.ca/jobsearch/jobposting/49430554?source=searchresults
ironworker,A.R.M. Reinforcing Ltd,Langford (BC),$41.00 hourly,"April 30, 2026",https://www.jobbank.gc.ca/jobsearch/jobposting/49427155?source=searchresults
framer-carpenter,My05 Contracting Ltd.,Surrey (BC),$31.50 hourly,"April 30, 2026",https://www.jobbank.gc.ca/jobsearch/jobposting/49426800?source=searchresults
carpenter,Finishing Touch Carpentry Ltd.,Chilliwack (BC),$32.00 hourly,"April 30, 2026",https://www.jobbank.gc.ca/jobsearch/jobposting/49563642?source=searchresults
glazier,Limax Roofing and Building Maintenance LTD.,Victoria (BC),$36.75 hourly,"April 29, 2026",https://www.jobbank.gc.ca/jobsearch/jobposting/49423949?source=searchresults
telecommunications line installer,Jay-Smart Technologies Inc.,Vernon (BC),$40.50 hourly,"April 29, 2026",https://www.jobbank.gc.ca/jobsearch/jobposting/49423853?source=searchresults
electrician,IGS Electric Ltd.,Surrey (BC),$37.15 hourly,"April 29, 2026",https://www.jobbank.gc.ca/jobsearch/jobposting/49423233?source=searchresults
carpenter,Param Landscaping and Fencing Ltd.,Vancouver (BC),$36.75 hourly,"April 29, 2026",https://www.jobbank.gc.ca/jobsearch/jobposting/49422998?source=searchresults
electrician,Morning Star Electrical Ltd.,Surrey (BC),$37.00 hourly,"April 29, 2026",https://www.jobbank.gc.ca/jobsearch/jobposting/49422889?source=searchresults
carpenter,URBAN PARK DEVELOPMENT LTD.,Kelowna (BC),$37.00 hourly,"April 29, 2026",https://www.jobbank.gc.ca/jobsearch/jobposting/49422728?source=searchresults
journeyman/woman ironworker,Shillito's Steel,Squamish (BC),$38.09 hourly,"April 29, 2026",https://www.jobbank.gc.ca/jobsearch/jobposting/49422693?source=searchresults
carpenter,VICTORIA PRO SIDING INC.,Langford (BC),$36.60 hourly,"April 29, 2026",https://www.jobbank.gc.ca/jobsearch/jobposting/49564175?source=searchresults
painter,Whirlpool Contracting Ltd.,Surrey (BC),$36.65 hourly,"April 29, 2026",https://www.jobbank.gc.ca/jobsearch/jobposting/49419934?source=searchresults
"fabricator, steel",BWL Marine Services,Salt Spring Island (BC),$36.00 hourly,"April 29, 2026",https://www.jobbank.gc.ca/jobsearch/jobposting/49418869?source=searchresults
duct installer,Advance air solutions ltd,Surrey (BC),$36.70 hourly,"April 28, 2026",https://www.jobbank.gc.ca/jobsearch/jobposting/49416475?source=searchresults
electrician,Seahog Electric Contracting Ltd.,Surrey (BC),$38.00 hourly,"April 28, 2026",https://www.jobbank.gc.ca/jobsearch/jobposting/49416465?source=searchresults
electrician,NORTHERN LIGHTING,Richmond (BC),$34.57 to $40.00 hourly (to be negotiated),"April 28, 2026",https://www.jobbank.gc.ca/jobsearch/jobposting/49416245?source=searchresults
carpenter,RELIABLE EXTERIOR FINISHING LTD.,Surrey (BC),$36.70 hourly,"April 28, 2026",https://www.jobbank.gc.ca/jobsearch/jobposting/49416175?source=searchresults
"installer, siding",Rhino Wrap & Scaffolding Services Ltd,Surrey (BC),$36.60 hourly,"April 28, 2026",https://www.jobbank.gc.ca/jobsearch/jobposting/49415958?source=searchresults
carpenter,SKH Development Ltd.,Richmond (BC),$32.00 hourly,"April 28, 2026",https://www.jobbank.gc.ca/jobsearch/jobposting/49415947?source=searchresults
painting supervisor - residential,VDS PAINTING AND DECORATING INC,Coquitlam (BC),$37.50 hourly,"April 28, 2026",https://www.jobbank.gc.ca/jobsearch/jobposting/49415897?source=searchresults
framer-carpenter,JSS FORMING & MINI EXCAVATING SERVICES LTD.,Surrey (BC),$37.50 hourly,"April 28, 2026",https://www.jobbank.gc.ca/jobsearch/jobposting/49415258?source=searchresults
carpenter,Mehak Drywall Ltd,Surrey (BC),$36.60 hourly,"April 28, 2026",https://www.jobbank.gc.ca/jobsearch/jobposting/49414580?source=searchresults
carpenter,ON HUNT FRAMING LTD,Mission (BC),$37.00 hourly,"April 28, 2026",https://www.jobbank.gc.ca/jobsearch/jobposting/49414067?source=searchresults
ride mechanical technician,"Flyover Vancouver, Inc.",Vancouver (BC),$42.45 to $46.07 hourly (to be negotiated),"April 27, 2026",https://www.jobbank.gc.ca/jobsearch/jobposting/49408333?source=searchresults
interior finish carpenter,Precision Home and Yard,Prince George (BC),$33.50 hourly,"April 27, 2026",https://www.jobbank.gc.ca/jobsearch/jobposting/49408203?source=searchresults
electrician,RICKY'S ELECTRIC LTD,Abbotsford (BC),$38.25 hourly,"April 27, 2026",https://www.jobbank.gc.ca/jobsearch/jobposting/49543450?source=searchresults
electrician,V-CAN Engineering Inc.,Surrey (BC),$36.60 hourly,"April 27, 2026",https://www.jobbank.gc.ca/jobsearch/jobposting/49407564?source=searchresults
electrician,RobotHouse,Vernon (BC),$36.60 hourly,"April 27, 2026",https://www.jobbank.gc.ca/jobsearch/jobposting/49407548?source=searchresults
sign installer,Jassal Signs,Surrey (BC),$38.00 hourly,"April 27, 2026",https://www.jobbank.gc.ca/jobsearch/jobposting/49407104?source=searchresults
countertop installer,River City Countertops Ltd,Kamloops (BC),$36.60 hourly,"April 27, 2026",https://www.jobbank.gc.ca/jobsearch/jobposting/49406828?source=searchresults
painter,CP PAINTING LTD.,Surrey (BC),$36.60 hourly,"April 27, 2026",https://www.jobbank.gc.ca/jobsearch/jobposting/49405465?source=searchresults
mechanic helper,Ready to Haul Transportation Ltd.,Surrey (BC),$24.00 hourly,"April 27, 2026",https://www.jobbank.gc.ca/jobsearch/jobposting/49545516?source=searchresults
carpenter,Pristine Projects Ltd,Surrey (BC),$32.00 hourly,"April 26, 2026",https://www.jobbank.gc.ca/jobsearch/jobposting/49402319?source=searchresults
electrician,NANAK ELECTRIC CORPORATION,Surrey (BC),$37.00 hourly,"April 25, 2026",https://www.jobbank.gc.ca/jobsearch/jobposting/49398471?source=searchresults
telecommunications lineman/woman,AerialTech Communications ltd.,Langley (BC),$37.00 hourly,"April 24, 2026",https://www.jobbank.gc.ca/jobsearch/jobposting/49395154?source=searchresults
painter,XYZ Painting,Delta (BC),$30.00 hourly,"April 24, 2026",https://www.jobbank.gc.ca/jobsearch/jobposting/49394750?source=searchresults
kitchen cabinet installer,Millennium Glass & Woodworking Ltd,Surrey (BC),$37.00 hourly,"April 24, 2026",https://www.jobbank.gc.ca/jobsearch/jobposting/49394341?source=searchresults
roofers foreman/woman,Adanac Roofing Ltd.,Langley (BC),$37.50 hourly,"April 24, 2026",https://www.jobbank.gc.ca/jobsearch/jobposting/49393950?source=searchresults
carpenter,Westway Luxury Homes Inc.,Surrey (BC),$37.00 hourly,"April 24, 2026",https://www.jobbank.gc.ca/jobsearch/jobposting/49394025?source=searchresults
carpenter,West Way Drywall Ltd.,Surrey (BC),$37.00 hourly,"April 23, 2026",https://www.jobbank.gc.ca/jobsearch/jobposting/49389757?source=searchresults
heavy equipment operator,A.K. Landscaping Services Ltd.,Langley (BC),$37.50 hourly,"April 23, 2026",https://www.jobbank.gc.ca/jobsearch/jobposting/49388532?source=searchresults
metal scaffold erector,Skookum Scaffolding Ltd.,Delta (BC),$38.09 hourly,"April 23, 2026",https://www.jobbank.gc.ca/jobsearch/jobposting/49388213?source=searchresults
industrial mechanic and millwright,GFL Environmental Inc.,Delta (BC),$42.00 hourly,"April 23, 2026",https://www.jobbank.gc.ca/jobsearch/jobposting/49386494?source=searchresults
electrician,A1 CHEEMA ELECTRICAL LTD.,Surrey (BC),$36.60 to $39.00 hourly (to be negotiated),"April 23, 2026",https://www.jobbank.gc.ca/jobsearch/jobposting/49384534?source=searchresults
carpenter,M&W Enterprises Ltd,Delta (BC),$37.00 hourly,"April 22, 2026",https://www.jobbank.gc.ca/jobsearch/jobposting/49382960?source=searchresults
carpenter,Enfield Formwork Ltd.,Abbotsford (BC),$31.50 to $37.00 hourly (to be negotiated),"April 22, 2026",https://www.jobbank.gc.ca/jobsearch/jobposting/49557449?source=searchresults
line installer-repairer - telecommunications,PB30 CONTRACTING LTD.,Surrey (BC),$36.60 hourly,"April 22, 2026",https://www.jobbank.gc.ca/jobsearch/jobposting/49382245?source=searchresults
painter,Spectrum Painting Ltd.,Burnaby (BC),$27.09 hourly,"April 22, 2026",https://www.jobbank.gc.ca/jobsearch/jobposting/49381679?source=searchresults
carpenter,OPUS FORMING INC.,Surrey (BC),$36.60 hourly,"April 22, 2026",https://www.jobbank.gc.ca/jobsearch/jobposting/49381693?source=searchresults
electrician,Ardore frame & Drywall Ltd,Surrey (BC),$36.60 hourly,"April 22, 2026",https://www.jobbank.gc.ca/jobsearch/jobposting/49381705?source=searchresults
carpenter,RATHAUR DRYWALL LTD.,Surrey (BC),$36.60 hourly,"April 22, 2026",https://www.jobbank.gc.ca/jobsearch/jobposting/49381612?source=searchresults
painter,Coastal Horizon constrution Inc.,Delta (BC),$29.00 hourly,"April 22, 2026",https://www.jobbank.gc.ca/jobsearch/jobposting/49381443?source=searchresults
countertop installer,VI Granite & Quartz Countertops Ltd.,Nanaimo (BC),$24.00 to $37.00 hourly (to be negotiated),"April 22, 2026",https://www.jobbank.gc.ca/jobsearch/jobposting/49381410?source=searchresults
diesel mechanic helper,F R C LOGISTICS LTD.,Surrey (BC),$24.00 hourly,"April 22, 2026",https://www.jobbank.gc.ca/jobsearch/jobposting/49381099?source=searchresults
building maintenance supervisor,Northern Motor Inn,Thornhill (BC),$37.50 to $38.50 hourly (to be negotiated),"April 21, 2026",https://www.jobbank.gc.ca/jobsearch/jobposting/49376507?source=searchresults
painter,SAPPHIRE DESIGNS LTD,Surrey (BC),$36.60 hourly,"April 21, 2026",https://www.jobbank.gc.ca/jobsearch/jobposting/49376538?source=searchresults
steel stud framer - carpentry,Artistic Drywall Ltd.,North Vancouver (BC),$37.00 hourly,"April 21, 2026",https://www.jobbank.gc.ca/jobsearch/jobposting/49375984?source=searchresults
glazier,Spartan Glazing Inc.,Langley (BC),$36.60 hourly,"April 21, 2026",https://www.jobbank.gc.ca/jobsearch/jobposting/49375199?source=searchresults
carpenter,Royal Providence Management,Vancouver (BC),$37.00 hourly,"April 21, 2026",https://www.jobbank.gc.ca/jobsearch/jobposting/49374351?source=searchresults
excavator operator,G & K EXCAVATION & DEMOLITION SERVICES LTD.,Richmond (BC),$36.70 hourly,"April 20, 2026",https://www.jobbank.gc.ca/jobsearch/jobposting/49498195?source=searchresults
Railings installer,Trueline Moulding Group Inc,Kelowna (BC),$37.00 hourly,"April 20, 2026",https://www.jobbank.gc.ca/jobsearch/jobposting/49369107?source=searchresults
"installer, electric household appliances - residential and commercial equipment",ORAY FIREPLACES LTD,Surrey (BC),$36.60 hourly,"April 20, 2026",https://www.jobbank.gc.ca/jobsearch/jobposting/49368574?source=searchresults
carpenter,TITAN EXTERIOR LTD.,Surrey (BC),$36.80 hourly,"April 20, 2026",https://www.jobbank.gc.ca/jobsearch/jobposting/49589460?source=searchresults
sign installer,CNC Channel Sign Ltd.,Burnaby (BC),$37.00 hourly,"April 20, 2026",https://www.jobbank.gc.ca/jobsearch/jobposting/49366713?source=searchresults
carpenter,Lambert Built Ltd,Prince George (BC),$36.60 hourly,"April 20, 2026",https://www.jobbank.gc.ca/jobsearch/jobposting/49366774?source=searchresults
painter,J.Y Tiling LTD,Langford (BC),$27.00 to $28.00 hourly (to be negotiated),"April 17, 2026",https://www.jobbank.gc.ca/jobsearch/jobposting/49356175?source=searchresults
building maintenance supervisor,Best Western Terrace Inn and Terrace Inn Liquor Store,Terrace (BC),$37.50 hourly,"April 17, 2026",https://www.jobbank.gc.ca/jobsearch/jobposting/49356177?source=searchresults
siding installer,K.S Exterior Ltd,Surrey (BC),$28.00 hourly,"April 17, 2026",https://www.jobbank.gc.ca/jobsearch/jobposting/49355709?source=searchresults
building maintenance supervisor,The Tide's Inn,Parksville (BC),$36.75 hourly,"April 17, 2026",https://www.jobbank.gc.ca/jobsearch/jobposting/49355570?source=searchresults
steel stud framer - carpentry,Enactpro Contracting Ltd.,Burnaby (BC),$36.60 hourly,"April 17, 2026",https://www.jobbank.gc.ca/jobsearch/jobposting/49355256?source=searchresults
glazier,HIGHRISE GLASS LTD.,Coquitlam (BC),$36.60 hourly,"April 17, 2026",https://www.jobbank.gc.ca/jobsearch/jobposting/49544503?source=searchresults
office furniture installer,B.C Murphy wall bed ltd.,Richmond (BC),$28.00 to $30.00 hourly (to be negotiated),"April 17, 2026",https://www.jobbank.gc.ca/jobsearch/jobposting/49354688?source=searchresults
heavy equipment operator,Pacific Lumber Remanufacturing Inc.,Surrey (BC),$37.50 hourly,"April 16, 2026",https://www.jobbank.gc.ca/jobsearch/jobposting/49350626?source=searchresults
carpenter,JKWG Development Inc.,Coquitlam (BC),$37.00 to $38.50 hourly (to be negotiated),"April 16, 2026",https://www.jobbank.gc.ca/jobsearch/jobposting/49350572?source=searchresults
painter,Noor Painting,Surrey (BC),$28.00 hourly,"April 16, 2026",https://www.jobbank.gc.ca/jobsearch/jobposting/49350602?source=searchresults
carpenter,Father And Son Masonry And Curbing,Surrey (BC),$31.50 hourly,"April 16, 2026",https://www.jobbank.gc.ca/jobsearch/jobposting/49349994?source=searchresults
electrician,RAICO CONTRACTING LTD.,Surrey (BC),$34.57 to $40.00 hourly (to be negotiated),"April 16, 2026",https://www.jobbank.gc.ca/jobsearch/jobposting/49348748?source=searchresults
rigger - telecommunications,Canadian Network Installations,Coquitlam (BC),$40.29 hourly,"April 16, 2026",https://www.jobbank.gc.ca/jobsearch/jobposting/49348973?source=searchresults
carpenter supervisor,Sunrise kitchens,Surrey (BC),$38.50 hourly,"April 15, 2026",https://www.jobbank.gc.ca/jobsearch/jobposting/49520710?source=searchresults
painter,GCT Contracting Inc.,North Vancouver (BC),$28.00 hourly,"April 15, 2026",https://www.jobbank.gc.ca/jobsearch/jobposting/49341853?source=searchresults
electrician,Ample Star Electrical Ltd.,Delta (BC),$37.00 hourly,"April 14, 2026",https://www.jobbank.gc.ca/jobsearch/jobposting/49335655?source=searchresults
glazier,Perfect Auto & Window Glass Ltd.,Surrey (BC),$36.70 hourly,"April 14, 2026",https://www.jobbank.gc.ca/jobsearch/jobposting/49333992?source=searchresults
carpenter,Future Tech Glass and Closet Organizers,Surrey (BC),$37.50 hourly,"April 14, 2026",https://www.jobbank.gc.ca/jobsearch/jobposting/49334182?source=searchresults
building maintenance supervisor,Canadian Tire #363,Fort St. John (BC),$37.50 hourly,"April 14, 2026",https://www.jobbank.gc.ca/jobsearch/jobposting/49334143?source=searchresults
mechanic helper,Kitasoo Seafoods LP,Klemtu (BC),$25.00 hourly,"April 14, 2026",https://www.jobbank.gc.ca/jobsearch/jobposting/49332085?source=searchresults
painter,TSS Painting Ltd,Surrey (BC),$37.00 hourly,"April 14, 2026",https://www.jobbank.gc.ca/jobsearch/jobposting/49331205?source=searchresults
material handling equipment mechanic,Fresh Start Foods,Richmond (BC),$37.00 to $39.75 hourly (to be negotiated),"April 14, 2026",https://www.jobbank.gc.ca/jobsearch/jobposting/49329101?source=searchresults
diamond drill operator - surface mining and quarrying,Omineca Diamond Drilling Ltd,Smithers (BC),$40.00 to $52.50 hourly (to be negotiated),"April 14, 2026",https://www.jobbank.gc.ca/jobsearch/jobposting/49325626?source=searchresults
carpenter,Restruction Building Services Ltd.,Surrey (BC),$37.00 hourly,"April 13, 2026",https://www.jobbank.gc.ca/jobsearch/jobposting/49305782?source=searchresults
framer-carpenter,STEALTH FRAMING LTD.,Langley (BC),$36.65 hourly,"April 13, 2026",https://www.jobbank.gc.ca/jobsearch/jobposting/49305126?source=searchresults
building maintenance supervisor,Grime Fighters Service Group Ltd,Vancouver (BC),$37.44 hourly,"April 13, 2026",https://www.jobbank.gc.ca/jobsearch/jobposting/49304109?source=searchresults
excavator foreman/woman,GBA DEMOLITION & EXCAVATING LTD.,Surrey (BC),$41.25 hourly,"April 13, 2026",https://www.jobbank.gc.ca/jobsearch/jobposting/49303028?source=searchresults
carpenter,C&C CONCRETE AND COATINGS LTD.,Vancouver (BC),$36.75 hourly,"April 13, 2026",https://www.jobbank.gc.ca/jobsearch/jobposting/49303058?source=searchresults
ironworker,Shiwalik Rebar and Dampproofing Ltd.,Surrey (BC),$38.10 hourly,"April 13, 2026",https://www.jobbank.gc.ca/jobsearch/jobposting/49300512?source=searchresults
glazier,JB ALUMINUM & GLASS PRODUCTS LTD,Surrey (BC),$31.00 hourly,"April 13, 2026",https://www.jobbank.gc.ca/jobsearch/jobposting/49300522?source=searchresults
mechanic helper,Deccan Transport Company,Abbotsford (BC),$24.10 hourly,"April 11, 2026",https://www.jobbank.gc.ca/jobsearch/jobposting/49291266?source=searchresults
painter,MATSQUI PAINTING & COATINGS LTD,Abbotsford (BC),$37.00 hourly,"April 10, 2026",https://www.jobbank.gc.ca/jobsearch/jobposting/49450790?source=searchresults
carpenter,NEW DREAM LANDSCAPING LTD.,Surrey (BC),$37.00 hourly,"April 10, 2026",https://www.jobbank.gc.ca/jobsearch/jobposting/49268454?source=searchresults
heavy equipment operator apprentice,Nels Ostero Ltd.,Taylor (BC),$37.00 hourly,"April 10, 2026",https://www.jobbank.gc.ca/jobsearch/jobposting/49521173?source=searchresults
steel fabricator,Lochhead Haggerty Engineering & Manufacturing Co. Ltd.,Delta (BC),$34.00 to $48.00 hourly (to be negotiated),"April 10, 2026",https://www.jobbank.gc.ca/jobsearch/jobposting/49266721?source=searchresults
fence installer,A.K. Landscaping Services Ltd.,Langley (BC),$36.75 hourly,"April 10, 2026",https://www.jobbank.gc.ca/jobsearch/jobposting/49264803?source=searchresults
cabinetmakers foreman/woman,Cloud Couches Inc.,Surrey (BC),$38.00 hourly,"April 09, 2026",https://www.jobbank.gc.ca/jobsearch/jobposting/49250145?source=searchresults
painter,Fantastic Painting Ltd.,Surrey (BC),$37.50 hourly,"April 09, 2026",https://www.jobbank.gc.ca/jobsearch/jobposting/49524382?source=searchresults
glazier,Flynn Canada Ltd.,Saanichton (BC),$36.00 to $51.00 hourly (to be negotiated),"April 09, 2026",https://www.jobbank.gc.ca/jobsearch/jobposting/49245438?source=searchresults
glazier,Flynn Canada Ltd.,Surrey (BC),$36.00 to $51.00 hourly (to be negotiated),"April 09, 2026",https://www.jobbank.gc.ca/jobsearch/jobposting/49245440?source=searchresults
mechanic helper,L M DIESELS TRUCK & TRAILER REPAIR LTD.,Delta (BC),$23.50 hourly,"April 08, 2026",https://www.jobbank.gc.ca/jobsearch/jobposting/49241270?source=searchresults
finish carpenter,Alliston Interiors Ltd.,Sidney (BC),$37.00 to $39.00 hourly (to be negotiated),"April 08, 2026",https://www.jobbank.gc.ca/jobsearch/jobposting/49241376?source=searchresults
carpenter,KGK Siding Services Ltd.,Surrey (BC),$36.65 hourly,"April 08, 2026",https://www.jobbank.gc.ca/jobsearch/jobposting/49240716?source=searchresults
electrician,CHATEAU DEVELOPMENTS LTD.,Surrey (BC),$36.60 hourly,"April 08, 2026",https://www.jobbank.gc.ca/jobsearch/jobposting/49240773?source=searchresults
carpenter,Adriatic Demolition & Disposal Ltd.,New Westminster (BC),$37.00 hourly,"April 08, 2026",https://www.jobbank.gc.ca/jobsearch/jobposting/49240606?source=searchresults
glass installer-glazier,ACM Glass Ltd,Surrey (BC),$36.70 hourly,"April 08, 2026",https://www.jobbank.gc.ca/jobsearch/jobposting/49240052?source=searchresults
carpentry supervisor,Best Home Kitchen Cabinets Inc,Surrey (BC),$38.00 hourly,"April 08, 2026",https://www.jobbank.gc.ca/jobsearch/jobposting/49240102?source=searchresults
commercial and retail sign installer supervisor,8D Customs Ltd.,Langley (BC),$37.50 hourly,"April 08, 2026",https://www.jobbank.gc.ca/jobsearch/jobposting/49240082?source=searchresults
excavating machine operator,Armour Guard Fence Inc.,Surrey (BC),$37.00 hourly,"April 08, 2026",https://www.jobbank.gc.ca/jobsearch/jobposting/49239563?source=searchresults
bobcat operator,Armour Guard Fence Inc.,Surrey (BC),$37.00 hourly,"April 08, 2026",https://www.jobbank.gc.ca/jobsearch/jobposting/49239564?source=searchresults
drywall installer supervisor,Miri Piri Drywall Ltd.,Surrey (BC),$39.00 hourly,"April 07, 2026",https://www.jobbank.gc.ca/jobsearch/jobposting/49234549?source=searchresults
asphalt roller operator,RIDGEVIEW PAVING LTD.,Surrey (BC),$37.00 hourly,"April 07, 2026",https://www.jobbank.gc.ca/jobsearch/jobposting/49233885?source=searchresults
painter,Tall Guy Painting,Delta (BC),$28.00 to $29.00 hourly (to be negotiated),"April 07, 2026",https://www.jobbank.gc.ca/jobsearch/jobposting/49233476?source=searchresults
glazier,Euroseal Contracting LTD.,Surrey (BC),$36.75 hourly,"April 07, 2026",https://www.jobbank.gc.ca/jobsearch/jobposting/49232290?source=searchresults
glazier,Norden Windows And Doors Ltd.,Delta (BC),$37.00 hourly,"April 06, 2026",https://www.jobbank.gc.ca/jobsearch/jobposting/49228508?source=searchresults
painter-decorator,Highlights Painting Ltd.,Abbotsford (BC),$36.60 hourly,"April 04, 2026",https://www.jobbank.gc.ca/jobsearch/jobposting/49220611?source=searchresults
carpenter,Save On Top Drywall Ltd.,Surrey (BC),$31.60 hourly,"April 03, 2026",https://www.jobbank.gc.ca/jobsearch/jobposting/49217103?source=searchresults
carpenter,A R Framing Ltd.,Surrey (BC),$36.60 hourly,"April 02, 2026",https://www.jobbank.gc.ca/jobsearch/jobposting/49213199?source=searchresults
electrician,MID-KNIGHT ELECTRICAL LTD.,Surrey (BC),$35.00 hourly,"April 02, 2026",https://www.jobbank.gc.ca/jobsearch/jobposting/49211772?source=searchresults
heavy-duty equipment operator,Hayer Demolition Ltd,Richmond (BC),$37.00 hourly,"April 02, 2026",https://www.jobbank.gc.ca/jobsearch/jobposting/49565210?source=searchresults
carpenter,Boyal Enterprises,Abbotsford (BC),$36.60 hourly,"April 02, 2026",https://www.jobbank.gc.ca/jobsearch/jobposting/49211405?source=searchresults
electrician,Neptune Homes Ltd.,Surrey (BC),$36.60 hourly,"April 02, 2026",https://www.jobbank.gc.ca/jobsearch/jobposting/49207517?source=searchresults
telecommunications line installer,Kaptron Services Ltd.,Prince George (BC),$41.50 hourly,"March 31, 2026",https://www.jobbank.gc.ca/jobsearch/jobposting/49200899?source=searchresults
carpenter,JJM Framing Ltd,Surrey (BC),$36.60 hourly,"March 31, 2026",https://www.jobbank.gc.ca/jobsearch/jobposting/49201005?source=searchresults
trucking company general manager,Right-Link Transport Ltd.,Abbotsford (BC),$58.00 hourly,"March 31, 2026",https://www.jobbank.gc.ca/jobsearch/jobposting/49200435?source=searchresults
carpenter,SHORELINE DRYWALL LTD.,Langford (BC),$37.00 hourly,"March 30, 2026",https://www.jobbank.gc.ca/jobsearch/jobposting/49521769?source=searchresults
pest control supervisor,Orkin Canada Corporation,Coquitlam (BC),$37.50 hourly,"March 30, 2026",https://www.jobbank.gc.ca/jobsearch/jobposting/49196910?source=searchresults
renovation carpenter,Dream Quality Renovation Limited,Abbotsford (BC),$37.00 hourly,"March 30, 2026",https://www.jobbank.gc.ca/jobsearch/jobposting/49195357?source=searchresults
heavy equipment operator,Gold Paving Ltd,Surrey (BC),$37.00 hourly,"March 28, 2026",https://www.jobbank.gc.ca/jobsearch/jobposting/49533495?source=searchresults
painter,Westridge Painting & Coating Ltd,Surrey (BC),$36.70 hourly,"March 27, 2026",https://www.jobbank.gc.ca/jobsearch/jobposting/49186772?source=searchresults
carpenter,JADID WINDOWS & RENOVATION LTD.,Surrey (BC),$36.70 hourly,"March 27, 2026",https://www.jobbank.gc.ca/jobsearch/jobposting/49186313?source=searchresults
carpenter,Attar Contracting Ltd.,Surrey (BC),$36.60 hourly,"March 27, 2026",https://www.jobbank.gc.ca/jobsearch/jobposting/49185794?source=searchresults
duct installer,PERFECT AIR SOLUTIONS LTD,Surrey (BC),$37.00 hourly,"March 27, 2026",https://www.jobbank.gc.ca/jobsearch/jobposting/49185786?source=searchresults
ironworker,Newton rebar service Ltd,Surrey (BC),$38.50 hourly,"March 27, 2026",https://www.jobbank.gc.ca/jobsearch/jobposting/49590993?source=searchresults
carpenter supervisor,Toor Framing ltd.,Surrey (BC),$37.00 to $38.00 hourly (to be negotiated),"March 27, 2026",https://www.jobbank.gc.ca/jobsearch/jobposting/49184632?source=searchresults
"carpenter, framing",V. Siemon Const & Renos Ltd.,Surrey (BC),$37.00 hourly,"March 27, 2026",https://www.jobbank.gc.ca/jobsearch/jobposting/49184636?source=searchresults
steel stud framer - carpentry,Aspire Drywall Ltd.,Nanaimo (BC),$36.70 hourly,"March 27, 2026",https://www.jobbank.gc.ca/jobsearch/jobposting/49463102?source=searchresults
residential painter,True Shades Painting Ltd,Surrey (BC),$36.65 hourly,"March 26, 2026",https://www.jobbank.gc.ca/jobsearch/jobposting/49521240?source=searchresults
journeyman/woman painter and decorator,True Shades Painting Ltd,Surrey (BC),$36.65 hourly,"March 25, 2026",https://www.jobbank.gc.ca/jobsearch/jobposting/49175823?source=searchresults
ironworker,Excellence Excavating Ltd,Surrey (BC),$38.10 hourly,"March 25, 2026",https://www.jobbank.gc.ca/jobsearch/jobposting/49175044?source=searchresults
bobcat operator,Dhesi Masonry Ltd.,Surrey (BC),$37.00 hourly,"March 25, 2026",https://www.jobbank.gc.ca/jobsearch/jobposting/49175108?source=searchresults
ironworker,Paragon Rebar & Dampproofing (2010) Ltd.,Surrey (BC),$38.10 hourly,"March 25, 2026",https://www.jobbank.gc.ca/jobsearch/jobposting/49174552?source=searchresults
excavator operator,Excellence Excavating Ltd,Surrey (BC),$37.00 hourly,"March 25, 2026",https://www.jobbank.gc.ca/jobsearch/jobposting/49174407?source=searchresults
carpenter,Taj Finishing,Surrey (BC),$37.50 hourly,"March 25, 2026",https://www.jobbank.gc.ca/jobsearch/jobposting/49174522?source=searchresults
carpenter,A-1 Gutters Ltd.,Surrey (BC),$37.00 hourly,"March 24, 2026",https://www.jobbank.gc.ca/jobsearch/jobposting/49168585?source=searchresults
carpenter,Sunrise kitchens,Surrey (BC),$32.00 hourly,"March 24, 2026",https://www.jobbank.gc.ca/jobsearch/jobposting/49504988?source=searchresults
finish carpenter,Rainbow Siding Ltd.,Aldergrove (BC),$36.70 hourly,"March 24, 2026",https://www.jobbank.gc.ca/jobsearch/jobposting/49167861?source=searchresults
carpenter,AAA Decking and Gutter Ltd.,Surrey (BC),$36.70 hourly,"March 24, 2026",https://www.jobbank.gc.ca/jobsearch/jobposting/49166340?source=searchresults
carpenter,Noah's Ark Campground,Revelstoke (BC),$28.00 to $32.00 hourly (to be negotiated),"March 23, 2026",https://www.jobbank.gc.ca/jobsearch/jobposting/49162747?source=searchresults
"supervisor, heavy equipment operators",Dryland Excavating Ltd.,Surrey (BC),$38.50 hourly,"March 23, 2026",https://www.jobbank.gc.ca/jobsearch/jobposting/49162578?source=searchresults
excavating machine operator,Dryland Excavating Ltd.,Surrey (BC),$36.90 hourly,"March 23, 2026",https://www.jobbank.gc.ca/jobsearch/jobposting/49162563?source=searchresults
glazier,Acme Glass Ltd,Surrey (BC),$36.60 hourly,"March 23, 2026",https://www.jobbank.gc.ca/jobsearch/jobposting/49161689?source=searchresults
carpenter,Terrazza Builders Inc,Victoria (BC),$37.00 hourly,"March 23, 2026",https://www.jobbank.gc.ca/jobsearch/jobposting/49160053?source=searchresults
drywall installer supervisor,M Sidhu Drywall,Surrey (BC),$32.00 hourly,"March 20, 2026",https://www.jobbank.gc.ca/jobsearch/jobposting/49146716?source=searchresults
painter,A-STAR VINYL WINDOW SYSTEM LTD.,Surrey (BC),$36.60 hourly,"March 20, 2026",https://www.jobbank.gc.ca/jobsearch/jobposting/49146396?source=searchresults
door installer,SES,Vancouver (BC),$30.00 hourly,"March 20, 2026",https://www.jobbank.gc.ca/jobsearch/jobposting/49146107?source=searchresults
apprentice electrician,Allwest Electric Ltd.,Port Coquitlam (BC),$40.00 hourly,"March 20, 2026",https://www.jobbank.gc.ca/jobsearch/jobposting/49145602?source=searchresults
carpenter,Western Island Developments Ltd.,Nanaimo (BC),$36.60 hourly,"March 20, 2026",https://www.jobbank.gc.ca/jobsearch/jobposting/49145172?source=searchresults
carpenter,DC Contracting,Mission (BC),$36.60 hourly,"March 20, 2026",https://www.jobbank.gc.ca/jobsearch/jobposting/49145169?source=searchresults
electrician,Zee Electrical Ltd,Surrey (BC),$38.00 hourly,"March 19, 2026",https://www.jobbank.gc.ca/jobsearch/jobposting/49140224?source=searchresults
painter and decorator,Ascent Drywall and Coatings Ltd.,Burnaby (BC),$36.60 hourly,"March 19, 2026",https://www.jobbank.gc.ca/jobsearch/jobposting/49139242?source=searchresults
carpenter,AKS Investment Ltd.,Surrey (BC),$37.00 hourly,"March 19, 2026",https://www.jobbank.gc.ca/jobsearch/jobposting/49139233?source=searchresults
siding installer,Try Angle Siding Ltd,Surrey (BC),$28.00 hourly,"March 18, 2026",https://www.jobbank.gc.ca/jobsearch/jobposting/49134880?source=searchresults
cargo handling supervisor,P & Q Logistics Trans,Delta (BC),$41.00 hourly,"March 18, 2026",https://www.jobbank.gc.ca/jobsearch/jobposting/49132775?source=searchresults
glazier,Rahul Glass Ltd,Surrey (BC),$31.00 hourly,"March 18, 2026",https://www.jobbank.gc.ca/jobsearch/jobposting/49132739?source=searchresults
mechanic helper,Coast Truck & Trailer Repair Ltd.,Surrey (BC),$37.25 hourly,"March 18, 2026",https://www.jobbank.gc.ca/jobsearch/jobposting/49132715?source=searchresults
painter,ALL KIND OF PAINTING LTD.,Surrey (BC),$28.50 hourly,"March 17, 2026",https://www.jobbank.gc.ca/jobsearch/jobposting/49126579?source=searchresults
painter,Lakha Drywall Ltd.,Surrey (BC),$36.60 hourly,"March 17, 2026",https://www.jobbank.gc.ca/jobsearch/jobposting/49438157?source=searchresults
electrician,Fix 4 Less Renovations Ltd,Surrey (BC),$36.63 hourly,"March 16, 2026",https://www.jobbank.gc.ca/jobsearch/jobposting/49119355?source=searchresults
painter,Envision Painting,Victoria (BC),$36.60 hourly,"March 09, 2026",https://www.jobbank.gc.ca/jobsearch/jobposting/49072786?source=searchresults
carpenter helper,JLK Projects ltd.,Delta (BC),$28.00 to $34.62 hourly (to be negotiated),"March 09, 2026",https://www.jobbank.gc.ca/jobsearch/jobposting/49072719?source=searchresults
glass installer-glazier,Crown Glass Ltd.,Burnaby (BC),$31.00 to $36.00 hourly (to be negotiated),"March 09, 2026",https://www.jobbank.gc.ca/jobsearch/jobposting/49071975?source=searchresults
drywall and acoustical installer helper,Star Drywall Ltd.,Surrey (BC),$36.60 hourly,"March 08, 2026",https://www.jobbank.gc.ca/jobsearch/jobposting/49543649?source=searchresults
hot tub installer,Tropical Pool & Spa Ltd,Prince George (BC),"$76,128.00 annually","March 07, 2026",https://www.jobbank.gc.ca/jobsearch/jobposting/49062859?source=searchresults
building painter,Dicoe Contracting Ltd,Surrey (BC),$29.00 hourly,"March 06, 2026",https://www.jobbank.gc.ca/jobsearch/jobposting/49058708?source=searchresults
siding installer,B.M. Siding Hardie Ltd.,Surrey (BC),$27.10 hourly,"March 06, 2026",https://www.jobbank.gc.ca/jobsearch/jobposting/49058696?source=searchresults
painter,MAPLE RIDGE WOODCRAFT LTD.,Maple Ridge (BC),$36.60 hourly,"March 06, 2026",https://www.jobbank.gc.ca/jobsearch/jobposting/49543336?source=searchresults
painter,Magellan Coatings Ltd.,Brackendale (BC),$28.00 hourly,"March 06, 2026",https://www.jobbank.gc.ca/jobsearch/jobposting/49056424?source=searchresults
heavy equipment operator,T. Moscone & Bros. Landscaping Ltd.,Burnaby (BC),$37.00 hourly,"March 06, 2026",https://www.jobbank.gc.ca/jobsearch/jobposting/49056358?source=searchresults
"foreman/woman, carpenters",Nordel Developments Ltd.,Surrey (BC),$38.00 hourly,"March 06, 2026",https://www.jobbank.gc.ca/jobsearch/jobposting/49570093?source=searchresults
heavy equipment operator,D&S Bulldozing Ltd.,Port Coquitlam (BC),$37.00 hourly,"March 11, 2026",https://www.jobbank.gc.ca/jobsearch/jobposting/49088897?source=searchresults
carpenter,A1 Doors & Mouldings Ltd.,Surrey (BC),$36.60 hourly,"March 11, 2026",https://www.jobbank.gc.ca/jobsearch/jobposting/49087877?source=searchresults
painter,MRP Painting and Decorating,Victoria (BC),$27.00 hourly,"March 11, 2026",https://www.jobbank.gc.ca/jobsearch/jobposting/49087610?source=searchresults
fence installer,Miller Fence & Deck,North Saanich (BC),$38.00 hourly,"March 11, 2026",https://www.jobbank.gc.ca/jobsearch/jobposting/49085875?source=searchresults
mechanic helper,Sasquatch Mountain Resort,Agassiz (BC),$26.44 hourly,"March 10, 2026",https://www.jobbank.gc.ca/jobsearch/jobposting/49082585?source=searchresults
painter,Crystal Kitchens Ltd.,Surrey (BC),$28.85 hourly,"March 10, 2026",https://www.jobbank.gc.ca/jobsearch/jobposting/49081819?source=searchresults
civil engineering technologist,Thurber Engineering Ltd.,Vancouver (BC),"$76,500.00 annually","March 05, 2026",https://www.jobbank.gc.ca/jobsearch/jobposting/49512319?source=searchresults
carpenter,R & D Door's and Moulding Ltd,Surrey (BC),$37.00 hourly,"March 05, 2026",https://www.jobbank.gc.ca/jobsearch/jobposting/49044571?source=searchresults
glazier,MX Glass & Mirror Manufacturing Ltd.,Burnaby (BC),$33.00 to $38.00 hourly (to be negotiated),"March 05, 2026",https://www.jobbank.gc.ca/jobsearch/jobposting/49044242?source=searchresults
painter,RAV Painting Ltd.,Surrey (BC),$32.00 hourly,"March 04, 2026",https://www.jobbank.gc.ca/jobsearch/jobposting/49043417?source=searchresults
painter,PNB Painting Inc.,Duncan (BC),$28.25 hourly,"March 04, 2026",https://www.jobbank.gc.ca/jobsearch/jobposting/49041545?source=searchresults
framer-carpenter,SILVERFOX framing Ltd.,Surrey (BC),$36.65 hourly,"March 03, 2026",https://www.jobbank.gc.ca/jobsearch/jobposting/49037336?source=searchresults
painter,SRS Painting Ltd.,Abbotsford (BC),$37.00 hourly,"March 03, 2026",https://www.jobbank.gc.ca/jobsearch/jobposting/49034047?source=searchresults
painter,Sunstone Custom Homes Ltd.,Surrey (BC),$36.60 hourly,"March 02, 2026",https://www.jobbank.gc.ca/jobsearch/jobposting/49030519?source=searchresults
carpenter,Sunstone Custom Homes Ltd.,Surrey (BC),$37.00 hourly,"March 02, 2026",https://www.jobbank.gc.ca/jobsearch/jobposting/49030518?source=searchresults
carpenter supervisor,Leading Edge Drywall Ltd,Surrey (BC),$36.00 hourly,"March 02, 2026",https://www.jobbank.gc.ca/jobsearch/jobposting/49030117?source=searchresults
carpenter,Boughan Developments,Surrey (BC),$37.00 hourly,"March 02, 2026",https://www.jobbank.gc.ca/jobsearch/jobposting/49029882?source=searchresults
painter,PERFECT LINE PAINTING LTD.,Vancouver (BC),$28.00 hourly,"March 02, 2026",https://www.jobbank.gc.ca/jobsearch/jobposting/49029861?source=searchresults
mechanic helper,Canadian Tire 351,Penticton (BC),$25.00 hourly,"February 27, 2026",https://www.jobbank.gc.ca/jobsearch/jobposting/49019561?source=searchresults
drywall installer supervisor,My05 Contracting Ltd.,Surrey (BC),$37.75 hourly,"February 27, 2026",https://www.jobbank.gc.ca/jobsearch/jobposting/49018707?source=searchresults
sign installer,Signoprint & Web Solutions Inc.,Surrey (BC),$21.00 hourly,"February 27, 2026",https://www.jobbank.gc.ca/jobsearch/jobposting/49018201?source=searchresults
siding installer,Spartan Exteriors Ltd.,Maple Ridge (BC),$37.00 hourly,"February 26, 2026",https://www.jobbank.gc.ca/jobsearch/jobposting/49014105?source=searchresults
carpenter,CGC DRYWALL LTD,Surrey (BC),$36.60 hourly,"February 26, 2026",https://www.jobbank.gc.ca/jobsearch/jobposting/49011811?source=searchresults
carpenter,Imperial Cabinets Ltd.,Surrey (BC),$37.00 hourly,"February 25, 2026",https://www.jobbank.gc.ca/jobsearch/jobposting/49006278?source=searchresults
electrician,Superior Line Electrical Ltd.,Surrey (BC),$37.00 hourly,"February 25, 2026",https://www.jobbank.gc.ca/jobsearch/jobposting/49005400?source=searchresults
insulators foreman/woman,VIVO Insulation Ltd,Surrey (BC),$37.50 hourly,"February 24, 2026",https://www.jobbank.gc.ca/jobsearch/jobposting/49000864?source=searchresults
mechanic helper,Pro-Star Truck & Trailer Repair Ltd.,Surrey (BC),$25.00 hourly,"February 24, 2026",https://www.jobbank.gc.ca/jobsearch/jobposting/49000835?source=searchresults
painter,Master Color Paint Ltd.,Delta (BC),$28.00 hourly,"February 23, 2026",https://www.jobbank.gc.ca/jobsearch/jobposting/48992368?source=searchresults
electrician,A Class Electric Ltd.,Surrey (BC),$37.00 hourly,"February 23, 2026",https://www.jobbank.gc.ca/jobsearch/jobposting/48992047?source=searchresults
carpenter,Revolution Concrete Services,Burnaby (BC),$36.60 hourly,"February 23, 2026",https://www.jobbank.gc.ca/jobsearch/jobposting/48991650?source=searchresults
electrician,NORTHERN LIGHTING,Richmond (BC),$34.57 to $40.00 hourly (to be negotiated),"February 23, 2026",https://www.jobbank.gc.ca/jobsearch/jobposting/49415171?source=searchresults
painter,PTRS Painting Ltd,Port Coquitlam (BC),$28.00 to $38.00 hourly (to be negotiated),"February 21, 2026",https://www.jobbank.gc.ca/jobsearch/jobposting/48984794?source=searchresults
ironworker,Universal Rebar Ltd.,Abbotsford (BC),$36.60 hourly,"February 20, 2026",https://www.jobbank.gc.ca/jobsearch/jobposting/48981874?source=searchresults
electrical mechanic helper,RobotHouse,Surrey (BC),$24.00 hourly,"February 20, 2026",https://www.jobbank.gc.ca/jobsearch/jobposting/48981115?source=searchresults
electrical mechanic helper,V-CAN Engineering Inc.,Vernon (BC),$25.00 hourly,"February 20, 2026",https://www.jobbank.gc.ca/jobsearch/jobposting/49145595?source=searchresults
painter,Corvermex Designs Inc.,Burnaby (BC),$28.00 hourly,"February 19, 2026",https://www.jobbank.gc.ca/jobsearch/jobposting/48973238?source=searchresults
glazier,High End Shower Doors And Railings,Surrey (BC),$36.60 hourly,"February 19, 2026",https://www.jobbank.gc.ca/jobsearch/jobposting/48969773?source=searchresults
painter,PRO-SHIELD ENTERPRISES INC.,Abbotsford (BC),$38.00 hourly,"February 18, 2026",https://www.jobbank.gc.ca/jobsearch/jobposting/48968670?source=searchresults
ironworker,Apex Reinforcing Ltd,Port Coquitlam (BC),$38.50 to $42.00 hourly (to be negotiated),"February 18, 2026",https://www.jobbank.gc.ca/jobsearch/jobposting/48968282?source=searchresults
ironworker,Broncos Rebar,Abbotsford (BC),$38.50 hourly,"February 18, 2026",https://www.jobbank.gc.ca/jobsearch/jobposting/49556212?source=searchresults
mechanic helper,ABS TRUCK & TRAILER PARTS BC LTD,Delta (BC),$24.00 hourly,"February 18, 2026",https://www.jobbank.gc.ca/jobsearch/jobposting/48966732?source=searchresults
framer-carpenter,RWC Systems Inc.,Surrey (BC),$31.50 hourly,"February 18, 2026",https://www.jobbank.gc.ca/jobsearch/jobposting/48966022?source=searchresults
carpenter,SUMAIR DRYWALL LTD.,Kelowna (BC),$36.60 hourly,"February 17, 2026",https://www.jobbank.gc.ca/jobsearch/jobposting/48961407?source=searchresults
steel stud framer - carpentry,Crystal Consulting Inc.,Richmond (BC),$36.60 hourly,"February 17, 2026",https://www.jobbank.gc.ca/jobsearch/jobposting/48961090?source=searchresults
painter,Amira's Painting Ltd.,Langford (BC),$27.00 hourly,"February 17, 2026",https://www.jobbank.gc.ca/jobsearch/jobposting/48960321?source=searchresults
kitchen cabinet installer,RISING INSTALLATION LTD.,Surrey (BC),$36.65 hourly,"February 17, 2026",https://www.jobbank.gc.ca/jobsearch/jobposting/48958097?source=searchresults
drywall installer supervisor,OG ENTERPRISE LTD.,Abbotsford (BC),$38.50 hourly,"February 16, 2026",https://www.jobbank.gc.ca/jobsearch/jobposting/48953698?source=searchresults
carpenter,Aroma Interiors Ltd.,Richmond (BC),$38.50 hourly,"February 14, 2026",https://www.jobbank.gc.ca/jobsearch/jobposting/49537634?source=searchresults
form carpenter,KELTEK CONCRETE LTD,Vancouver (BC),$36.60 hourly,"February 13, 2026",https://www.jobbank.gc.ca/jobsearch/jobposting/48943185?source=searchresults
carpenter,Hi-Tech Forming Ltd.,Abbotsford (BC),$37.00 to $38.00 hourly (to be negotiated),"February 13, 2026",https://www.jobbank.gc.ca/jobsearch/jobposting/49582276?source=searchresults
apprentice electrician,Garibaldi Electric Ltd,Squamish (BC),$34.60 hourly,"February 13, 2026",https://www.jobbank.gc.ca/jobsearch/jobposting/49520709?source=searchresults
carpenter,Totem Furniture & Appliances,Terrace (BC),$37.00 hourly,"February 13, 2026",https://www.jobbank.gc.ca/jobsearch/jobposting/48940095?source=searchresults
painter,Can Paint,Parksville (BC),$28.00 hourly,"February 13, 2026",https://www.jobbank.gc.ca/jobsearch/jobposting/48939092?source=searchresults
carpenter rough,Budget Insulation & Drywall,Surrey (BC),$36.70 hourly,"February 12, 2026",https://www.jobbank.gc.ca/jobsearch/jobposting/48935712?source=searchresults
steel stud framer - carpentry,Canucks Drywall Ltd.,Vancouver (BC),$29.00 hourly,"February 12, 2026",https://www.jobbank.gc.ca/jobsearch/jobposting/49058697?source=searchresults
home renovator,CASTLEHILL HOMES (YORKSON-WEST) LTD.,Langley (BC),"$4,200.00 monthly","February 12, 2026",https://www.jobbank.gc.ca/jobsearch/jobposting/48934870?source=searchresults
mechanic helper,FREEWAY TRUCK REPAIR & TIRE SHOP LTD.,Delta (BC),$25.00 hourly,"February 12, 2026",https://www.jobbank.gc.ca/jobsearch/jobposting/48934181?source=searchresults
excavator operator,Kingsman Excavating Ltd.,Surrey (BC),$37.50 hourly,"February 10, 2026",https://www.jobbank.gc.ca/jobsearch/jobposting/48924493?source=searchresults
carpenter,Elegant Kitchen Cabinets Ltd.,Surrey (BC),$36.60 hourly,"February 10, 2026",https://www.jobbank.gc.ca/jobsearch/jobposting/48924233?source=searchresults
carpenter,Ardore frame & Drywall Ltd,Surrey (BC),$36.60 hourly,"February 10, 2026",https://www.jobbank.gc.ca/jobsearch/jobposting/48924151?source=searchresults
carpenter,Delta Framing & Renovation Ltd.,Surrey (BC),$37.00 hourly,"February 10, 2026",https://www.jobbank.gc.ca/jobsearch/jobposting/48922891?source=searchresults
carpenter,Sidhu Roofing Ltd,Surrey (BC),$36.70 hourly,"February 10, 2026",https://www.jobbank.gc.ca/jobsearch/jobposting/48921746?source=searchresults
excavator operator,Riverside Recycling Ltd.,Richmond (BC),$37.00 hourly,"February 09, 2026",https://www.jobbank.gc.ca/jobsearch/jobposting/48917467?source=searchresults
painter,High Hit Painting Ltd.,Surrey (BC),$36.70 hourly,"February 09, 2026",https://www.jobbank.gc.ca/jobsearch/jobposting/48916931?source=searchresults
carpenter,Concretek Contractors Ltd.,Rosedale (BC),$31.50 to $37.00 hourly (to be negotiated),"February 09, 2026",https://www.jobbank.gc.ca/jobsearch/jobposting/48916907?source=searchresults
painter,Prostar Painting and Restoration Ltd.,Burnaby (BC),$36.60 hourly,"February 09, 2026",https://www.jobbank.gc.ca/jobsearch/jobposting/48915863?source=searchresults
painter,A West Painting Ltd.,Surrey (BC),$30.00 hourly,"February 09, 2026",https://www.jobbank.gc.ca/jobsearch/jobposting/49589767?source=searchresults
painter,High level Painting Ltd.,Surrey (BC),$20.00 to $25.00 hourly,"May 17, 2026",https://www.jobbank.gc.ca/jobsearch/jobposting/49529697?source=searchresults
painter,Beyond The Surface Painting LTD,Surrey (BC),$25.00 to $35.00 hourly,"May 15, 2026",https://www.jobbank.gc.ca/jobsearch/jobposting/49524017?source=searchresults
electrician,Care Systems Services,Kamloops (BC),$38.75 to $42.75 hourly,"May 14, 2026",https://www.jobbank.gc.ca/jobsearch/jobposting/49515051?source=searchresults
electrician,One Degree Organic Foods,Mission (BC),$42.00 hourly,"May 16, 2026",https://www.jobbank.gc.ca/jobsearch/jobposting/49632416?source=searchresults
"installer, siding",ODEEM Exteriors,Vernon (BC),$25.00 to $35.00 hourly,"May 09, 2026",https://www.jobbank.gc.ca/jobsearch/jobposting/49485490?source=searchresults
painter and decorator,Mighty Painters,Williams Lake (BC),$24.00 to $30.00 hourly,"May 09, 2026",https://www.jobbank.gc.ca/jobsearch/jobposting/49486569?source=searchresults
carpenter helper,Renaissance Painting & Carpentry,Vancouver (BC),$20.00 to $25.00 hourly,"May 15, 2026",https://www.jobbank.gc.ca/jobsearch/jobposting/49516762?source=searchresults
painter,Valley Brothers Painting,Vancouver (BC),$20.00 to $40.00 hourly,"May 15, 2026",https://www.jobbank.gc.ca/jobsearch/jobposting/49517146?source=searchresults
painter,Tri City Finishing,Victoria (BC),$25.00 to $30.00 hourly,"May 12, 2026",https://www.jobbank.gc.ca/jobsearch/jobposting/49501317?source=searchresults
apprentice electrician,Active Electric Ltd,Surrey (BC),$25.00 to $30.00 hourly,"May 08, 2026",https://www.jobbank.gc.ca/jobsearch/jobposting/49484551?source=searchresults
